StationCode,BioticGroup,New_Lat,New_Long,SampleDate,CSCI,MMI,OoverE,E,AREA_SQKM,SITE_ELEV,PPT_00_09,TEMP_00_09,SumAve_P,KFCT_AVE,BDH_AVE,P_MEAN,ELEV_RANGE
103FS0405,1,41.78889527,-124.0778375,9/14/2010,1.073788446,1.12473761,1.022839283,22.48642616,4.610277,37.22000122,194059,1694.199951,7215.1831,0.211,1.3647,0.1222,441.7799988
103WER026,3,41.84998645,-124.0332179,7/29/2003,1.112196311,1.067165935,1.157226687,20.73923827,1.509665,235.3000031,205588.5938,1681.400024,7309.7998,0.22,1.458,0.2658,366.699997
103WER029,3,41.80976601,-124.1120887,7/30/2003,0.985982087,0.897978739,1.073985436,18.62222645,4.733672,46.29999924,190371.4063,1651.599976,6928.7534,0.211,1.3645,0.1154,238.7000008
105CE0149,2,41.48313406,-123.7437815,9/27/2005,0.933622317,0.937725805,0.929518829,17.21320698,52.585223,651.7800293,210743.2031,1860.699951,7293.4238,0.2084,1.4624,0.1398,931.2199707
105CE0329,1,41.30817529,-123.0339192,7/17/2007,1.074196666,1.08959361,1.058799723,16.05591656,4.006708,1091.569946,116298.5,1722.699951,5432.8667,0.1558,1.5019,0.0605,1067.430054
105FS0415,2,41.61202148,-123.2922522,9/21/2010,1.191011342,1.200351263,1.18167142,18.61769663,9.580132,948.7800293,167678.5938,1678.300049,6315.229,0.1725,1.4709,0.2223,1128.219971
105FS0418,5,41.5728015,-123.5446885,7/27/2000,0.837966726,0.76528498,0.910648471,16.47177861,189.125786,244,143983.2969,2075.699951,6946.626,0.1731,1.4471,0.1591,1567
105FS0423,4,41.7369287,-123.548724,8/10/2010,0.987356493,0.927466391,1.047246595,18.14281383,40.547444,459.0499878,171676.7969,1749.400024,6396.8818,0.1411,1.2541,0.1144,1411.950012
105FS0425,4,41.35826851,-123.0745063,8/10/2011,1.157492483,1.087564675,1.227420291,13.03546968,147.210189,861.3400269,107109.5,1845.199951,5120.9427,0.155233333,1.496466667,0.188133333,1477.659973
105FS0428,4,41.4410528,-123.3582948,8/3/2011,1.007754759,1.036258817,0.979250702,18.38140117,40.400047,407.4599915,162172,1938.199951,5113.714167,0.197833333,1.494066667,0.2223,1655.540009
105PS0043,2,41.72939189,-123.2367063,9/17/2008,1.144407253,1.069710863,1.219103643,17.22577085,50.744324,886.210022,172651,1649.800049,6413.3979,0.1423,1.3913,0.0813,1251.789978
105PS0083,6,41.36469401,-123.1871691,9/8/2009,1.114592916,1.011145478,1.218040353,16.41981725,2.346182,916.2600098,107680.1016,1832.300049,5216.2666,0.1886,1.4842,0.143,1105.73999
105PS0090,5,41.07846793,-123.031717,8/25/2009,1.016029253,0.857698655,1.174359851,14.47597173,95.942772,927.75,94830.5,1826.800049,6993,0.1549,1.4711,0.1089,1771.25
105PS0097,4,41.74157187,-123.355488,9/8/2009,1.170430741,1.068510789,1.272350694,14.93298985,233.895186,403.5700073,140475.2031,2041.5,5600.2397,0.1645,1.473,0.1111,1852.429993
105PS0154,5,41.09812487,-123.0733997,8/9/2011,0.994237798,1.073696413,0.914779184,13.11791983,157.7700109,835.9799805,103541.8984,1813.099976,5576.784833,0.1578,1.491833333,0.160366667,1866
105PS0540,2,41.62001951,-122.0692366,8/5/2010,1.144353095,1.134054839,1.154651352,16.45518361,136.620243,1478.719971,55259.69922,1515.300049,5812.0991,0.125,1.2137,0.2229,1116.280029
105WE0583,1,41.7084139,-123.132001,8/1/2001,1.113892184,1.158519987,1.069264381,13.09311359,4.302742,1094.390015,72705.29688,1646.300049,6171.4668,0.157,1.5001,0.1401,868.6099854
105WE0592,7,41.36252018,-122.5200748,9/12/2000,1.070591558,0.925569769,1.215613347,12.33944991,4.534937,1753.449951,84432.70313,1531.300049,4457.2998,0.1249,1.2057,0.0611,651.5500488
105WE0833,1,41.86158299,-122.209015,8/15/2001,0.989155466,1.023781458,0.954529475,13.61927561,26.210907,1719.079956,63191.89844,1240.300049,6760.4707,0.1327,1.3175,0.2819,666.920044
105WE1091,2,41.05030234,-122.9345206,8/13/2002,0.981472821,0.910349063,1.052596579,15.20050542,24.423083,1517.839966,139362.4063,1577.400024,6856.3027,0.1508,1.4156,0.1419,1076.160034
105WER052,5,41.31565299,-123.060801,8/27/2003,1.078410302,1.031929698,1.124890906,15.11257661,264.248722,769.1300049,99842,1837.5,5560.6196,0.1544,1.4772,0.1707,1634.869995
106CE0521,3,41.04590374,-123.5394091,7/21/2006,1.024264983,1.084612846,0.96391712,19.71123824,9.914438,707.0100098,174244.9063,2004.800049,5126.8833,0.1808,1.4691,0.2086,1100.98999
106FS0040,1,40.16912433,-123.0251519,6/26/2001,0.815460898,0.786786303,0.844135493,18.95430311,9.592668,1219.530029,146223.9063,1672.199951,2616.2251,0.147933333,1.4676,0.1154,707.4699707
106PS0115,2,41.17290127,-122.8695878,9/21/2010,0.993714816,0.801892603,1.185537028,15.18299267,8.837062,1504.160034,123763.2031,1623.900024,6311.5073,0.156,1.4379,0.1292,862.8399658
106PS0124,1,40.17054647,-123.0286717,8/16/2010,1.216462084,1.159024916,1.273899252,18.8397944,26.210742,1204.569946,146223.9063,1672.199951,2860.6042,0.1309,1.4823,0.1278,1172.430054
106PS0166,3,41.04411616,-123.6117049,8/2/2011,1.196756318,1.220060915,1.173451721,15.33936138,70.84226243,238.1900024,162630,2117.399902,4463.5289,0.207033333,1.458433333,0.152633333,1693
106WE0505,2,40.86234647,-122.9030219,8/9/2000,0.98748657,0.898699293,1.076273848,15.79523654,152.373088,784.5900269,115596.5,1966.800049,5316.4604,0.1406,1.4552,0.1178,1915.409973
106WE1055,2,40.90343109,-123.0151421,7/11/2002,1.164797135,1.18780252,1.14179175,16.64051259,4.825284,1178.310059,141111.5,1644.900024,5094.7329,0.1573,1.4881,0.1703,1100.689941
106WE1066,1,41.15436642,-123.5702606,7/17/2002,1.085361514,1.090971433,1.079751594,18.52277886,43.427171,508.2200012,161299.2031,2018.199951,5748.3428,0.1823,1.4396,0.2223,1398.779999
106WE1079,2,41.13485769,-122.8050878,7/9/2002,0.871947271,0.855478879,0.888415663,18.00958792,25.226747,1257.109985,139753,1852.199951,5676.9609,0.1487,1.3482,0.1521,1068.890015
106WER011,1,40.93588454,-123.154861,6/28/2001,0.980564245,0.955969575,1.005158915,15.91788101,14.497291,898.6699829,112705.6016,1871.099976,5748.3447,0.1537,1.5005,0.1276,1605.330017
106WER016,1,40.48965069,-123.0294576,9/16/2009,1.193645743,1.185567689,1.201723797,18.30703532,14.025,955.5700073,93889.39844,1929.699951,3082.3694,0.1823,1.4811,0.1679,984.4299927
107PS0021,1,41.32412093,-124.0079587,9/3/2008,1.095297132,1.067470664,1.123123599,18.69785304,24.640856,59.5,154175.9063,1614.099976,6383.8599,0.211,1.365,0.1154,636.5
107WER092,3,41.39995614,-124.0579036,8/12/2003,0.882726171,0.794507626,0.970944716,18.53864562,3.12468,43.34000015,160460.7031,1627.300049,5783.9336,0.274,1.388,0.1169,219.6599999
111BBRBCC,4,39.69950839,-122.9244532,9/23/2009,1.015829442,1.048960384,0.9826985,14.24648556,216.854958,766.7700195,141044.2969,1733.300049,2386.5239,0.1698,1.4698,0.11,1484.22998
111BGCAER,1,40.02232507,-123.061481,10/6/2009,1.212189312,1.210199089,1.214179535,16.47202858,50.200377,1280.23999,171844.7969,1595.199951,2450.9346,0.1482,1.4783,0.1154,1023.76001
111CE0569,3,40.34675705,-123.9924738,7/18/2006,0.909613526,0.825932453,0.993294599,20.13501334,12.087027,80.5,145991.7969,1808.400024,3179.3667,0.219,1.427,0.1364,936.5
111FS0001,5,39.32709256,-122.8311121,6/12/2001,0.951344402,0.93647092,0.966217884,15.52444872,26.204106,695.0200195,116969.8984,2043.800049,1723.2491,0.183566667,1.4952,0.123433333,1438.97998
111FS0007,1,39.47122705,-122.8337823,6/21/2001,0.98555429,0.978206268,0.992902312,17.12152324,38.4435,746.4899902,128704.7969,1959,1778.842433,0.1746,1.466533333,0.074166667,1187.51001
111FS0008,5,39.31929726,-122.8454015,6/22/2001,0.910317346,0.891253104,0.929381589,13.98779592,9.257893,671.5100098,116969.8984,2043.800049,1544.965267,0.189366667,1.496033333,0.1154,763.4899902
111FS0158,3,39.39568533,-122.8637371,9/12/2000,1.119633897,1.120788,1.118479795,11.62291895,6.335159,774.0900269,120352.1016,2135.5,1862.1285,0.1551,1.4822,0.2341,1138.909973
111HSCAER,8,39.52503385,-122.8527579,7/26/2011,1.053819223,1.128093938,0.979544507,17.35500519,7.520400014,819.0999756,113894.1016,1818.400024,1774.348167,0.166266667,1.467533333,0.087466667,884
111PS0110,1,39.35141964,-122.8762117,6/24/2009,1.186680448,1.0691632,1.304197696,13.80158856,28.634403,620.710022,114457.1016,2135.800049,1692.046,0.1688,1.4742,0.1279,1449.289978
111PS0144,4,39.90017962,-123.0171393,8/18/2010,0.987184458,1.001219314,0.973149603,16.44145973,447.406958,658.0599976,133485.4063,1853.699951,2505.9478,0.1429,1.4778,0.1161,1650.940002
111PS0160,3,39.44611995,-123.0292647,7/25/2011,1.239887813,1.281959026,1.197816599,20.8713087,13.063261,721.6500244,137392,1915,1735.646767,0.162666667,1.4796,0.1289,931
111PS0204,8,39.27693366,-122.8658082,8/17/2010,0.782561041,0.842762884,0.722359197,19.38093966,5.962259,770.5900269,120683.8984,2037.099976,1504.7904,0.1668,1.4799,0.1154,461.4099731
111WE0816,1,39.58740561,-122.9181733,8/14/2001,1.130188315,1.094016057,1.166360573,12.00314922,11.949967,1624.430054,141797.0938,1583.699951,2464.3455,0.1339,1.4765,0.1248,396.5699463
111WE0837,4,39.8692887,-123.0522717,7/9/2002,0.84815047,0.801159826,0.895141114,15.63999215,492.47674,542.5800171,123457.1016,1971.900024,2495.5291,0.1436,1.4778,0.1161,1766.419983
111WE0844,3,40.31663763,-123.9987389,8/8/2002,1.071032683,1.011675874,1.130389492,22.11627069,2.737176,332.2099915,145991.7969,1808.400024,3235.5334,0.219,1.427,0.1364,684.7900085
111WE1050,2,39.71147016,-122.8419278,6/25/2002,1.254663084,1.409381792,1.099944375,10.00050571,31.961939,1494.660034,127563.7969,1467.400024,2575.6091,0.178,1.463,0.1502,559.3399658
111WE1071,8,39.70053373,-122.8125516,6/26/2002,0.367827622,0.300241214,0.435414029,16.07665243,21.520475,1571.599976,127563.7969,1467.400024,2617.5417,0.178,1.463,0.1414,482.4000244
111WER008,1,39.49365678,-122.8639231,6/21/2001,0.881780224,0.913194601,0.850365846,17.63946667,21.746467,806.4899902,136095.5938,1929,1766.9302,0.1456,1.478,0.1154,1279.51001
111WER046,3,39.7403222,-123.6311019,10/1/2003,1.048173202,1.017099185,1.079247218,22.23772237,3.03358,411.019989,167198.5938,1902,2563.3333,0.19,1.4891,0.141,691.980011
111WER047,3,39.72965635,-123.6323576,10/1/2003,1.08679564,1.001927014,1.171664265,21.33717033,16.181584,450.7600098,167198.5938,1902,2676.8088,0.19,1.489,0.141,834.2399902
111WER159,3,39.42936794,-122.8451843,6/29/2004,1.192803007,1.21738214,1.168223875,17.12000621,6.283769,734.4000244,136968.2031,1911.900024,2098.8428,0.1549,1.4812,0.2475,937.5999756
112WE1063,3,40.16930752,-124.0410581,9/10/2002,1.131272395,1.105095294,1.157449496,22.46318313,6.779047,212.0500031,178007.4063,1900,3843.3618,0.155,1.539,0.141,489.949997
114DLCURx,3,39.12873514,-123.2313281,6/20/2002,1.143966731,1.319542128,0.968391334,15.48960578,3.488364,295.0100098,115956.2969,2132.399902,1279.5667,0.2115,1.4836,0.141,532.9899902
114PS0145,4,38.8936121,-123.0701698,6/20/2011,0.98163653,0.948298306,1.014974754,14.77869271,37.09528648,137.1100006,104004.7031,2253.899902,1127.7152,0.213033333,1.515566667,0.111766667,878
114WE0614,10,38.53916922,-123.0719085,8/20/2003,0.835051825,0.78143285,0.888670801,14.62858911,76.728663,35.90000153,124965.6016,2127.600098,1384.3063,0.1825,1.4816,0.0635,701.0999985
114WE0810,3,38.87517623,-122.8828949,7/26/2001,1.257162812,1.333730354,1.180595269,11.85842462,2.227333,779.3200073,129962.5,2057.5,1015.0333,0.211,1.507,0.256,321.6799927
115EBAG01,9,38.34613327,-122.9153477,7/1/2010,0.619487632,0.472980358,0.765994905,14.36040883,6.8292,18.29000092,96350.5,2030,1075.1809,0.305,1.4564,0.0719,234.7099991
200COYCOI,10,37.12621772,-121.4811805,6/28/2010,0.826264993,0.814840579,0.837689407,11.93759873,190.473145,316.769989,58588,2147.800049,562.5509,0.2816,1.5306,0.087,793.230011
201LAG335,4,37.9917933,-122.661945,4/19/2001,0.837931575,0.721955379,0.953907771,13.62815189,2.428384,217.5500031,105879,2074.100098,901.7666667,0.243,1.515,0.044333333,322.449997
201MRS020,3,37.9196808,-122.6695183,9/13/2010,1.258287657,1.253593352,1.262981963,12.66843112,1.79338,7.1500001,81777.29688,1834.5,944.55,0.188,1.421,0.0879,506.8499999
202BUT040,3,37.24131773,-122.316955,4/9/2002,1.329877463,1.306087199,1.353667726,13.29720703,24.104778,74.59999847,76949.5,1922.199951,1294.4841,0.1882,1.4575,0.1298,636.4000015
202BUT050,4,37.20923557,-122.3326697,6/16/2009,1.032878339,1.006068002,1.059688676,16.98612094,5.770815,94.76000214,77491.20313,1921.699951,1237.862967,0.202333333,1.4633,0.111133333,444.2399979
202PES170,4,37.26388691,-122.2393177,4/10/2002,0.977220655,0.982847533,0.971593777,17.49702438,4.690978,114.2699966,90881.70313,2130.800049,1212.744467,0.193366667,1.459,0.1359,327.7300034
204AHOACR,4,37.46158312,-121.7690186,5/13/2004,0.973251813,1.102803107,0.843700518,7.111528169,199.804694,245.8000031,54833.5,1999.699951,731.5774667,0.288766667,1.5297,0.0847,1076.199997
204CE0116,8,37.40849637,-121.7103221,8/9/2005,0.913604636,0.78795385,1.039255421,14.43341039,170.141863,421.5700073,58732.60156,1974.099976,757.3558,0.2806,1.5265,0.0671,900.4299927
206BEA035,3,38.45060179,-122.4382199,4/25/2001,1.034604226,0.985898588,1.083309864,14.76955073,8.782636,70.38999939,93638.10156,2255.800049,759.8154333,0.288933333,1.496233333,0.012166667,637.6100006
206CON130,3,38.48539888,-122.2956245,5/3/2000,1.066129335,1.11411041,1.01814826,17.67915411,6.337413,219.6300049,82724.60156,2211.5,762.8031333,0.206933333,1.438766667,0.093933333,507.3699951
206DRY060,3,38.38855251,-122.4093756,4/23/2001,1.244608368,1.364545989,1.124670747,16.8938332,2.327336,139.6799927,106807.7031,2212,804.8863667,0.2888,1.4889,0.120866667,540.3200073
206DRY100,3,38.41223805,-122.4342513,5/3/2000,1.239219643,1.28655499,1.191884296,16.78015229,2.915334,197.1100006,89308,2278.5,707.4,0.301,1.53,0.109,435.8899994
206NOV080,8,38.06236324,-122.5811128,4/15/2004,0.655963362,0.670535518,0.641391207,17.15021952,2.340311,56.72999954,108489,2096.199951,622.0333,0.243,1.515,0.1154,507.2700005
206TUL120,4,38.28461447,-122.2175407,6/13/2011,1.134949056,1.096407295,1.173490816,15.33885034,3.721323,140.5099945,76560.5,2264.699951,765.4,0.191,1.215,0.1583,318.4900055
304WADRED,2,37.11373244,-122.26962,6/29/2010,1.153702723,1.142322379,1.165083066,12.8746185,57.965319,12.55000019,95282,2077,1112.0264,0.1968,1.4611,0.1224,659.4499998
305LGCACR,10,36.34910146,-120.821041,7/16/2008,0.94571438,0.908550409,0.982878352,7.121939339,13.319232,868.710022,47487.5,2233.899902,492.2538,0.2666,1.4247,0.1079,499.289978
305SWACRO,3,37.08478483,-121.794114,6/29/2010,1.005721089,0.899801677,1.1116405,16.19228519,2.905506,330.1900024,100229.5,2126.100098,939.9333,0.275,1.5201,0.1193,599.8099976
305UVASWA,1,37.08669726,-121.7944539,6/29/2010,1.022020427,1.019028942,1.025011912,17.56077153,9.800232,308.0899963,100229.5,2126.100098,1038.5111,0.2818,1.5237,0.1093,843.9100037
307CARLOS,4,36.37219615,-121.6630073,6/22/2010,1.221677924,1.065691501,1.377664346,9.436260755,112.14321,338.9200134,59341.39844,2090.199951,827.392,0.1828,1.6001,0.1587,1196.079987
307SANCLE,9,36.43072607,-121.798394,6/21/2010,0.91723023,0.798867669,1.035592791,14.48445772,2.819231,563.8400269,71931,2068.199951,691.1111,0.174,1.602,0.1797,482.1599731
308BSU,5,36.24559854,-121.773391,7/13/2010,0.882807306,0.868684868,0.896929744,13.37897431,120.773177,80.52999878,101144.7031,1983,873.9631,0.1788,1.6004,0.139,1425.470001
308SALHY1,9,35.81439054,-121.3589594,6/23/2010,0.877294234,0.915995814,0.838592655,14.3096889,21.30887,82.38999939,76243.60156,2030.400024,307.7139,0.2008,1.5428,0.1189,1006.610001
308SOBHW1,9,36.45626997,-121.9252228,6/21/2010,1.041071921,0.938863348,1.143280493,9.621435916,7.880613,10.10000038,54906.30078,1902.900024,700.425,0.174,1.602,0.1793,883.8999996
308WLOxxx,11,35.8935202,-121.4616141,4/7/2004,0.817591388,0.828643644,0.806539132,11.158789,42.188402,8.18999958,54900.89844,1908.5,416.5119,0.1784,1.5328,0.1114,1068.81
309CAW126,4,36.23071982,-121.5515624,6/17/2003,1.08883073,0.980496783,1.197164678,13.36491153,48.016121,476.4500122,70007.10156,2078.800049,761.5632,0.1877,1.5841,0.1404,1033.549988
309CAW130,10,35.98618668,-121.3570484,6/12/2003,1.184058606,1.130105086,1.238012125,12.11619797,53.572233,419.3999939,63692.30078,2294.300049,484.1407,0.1842,1.5939,0.1251,721.6000061
309CAW174,11,36.09276821,-121.434252,5/20/2003,0.795149715,0.872327783,0.717971648,12.53531393,13.16027,498.8999939,60773.89844,2223.300049,636.4611,0.1965,1.5753,0.1266,1288.100006
309CAW178,8,36.08531517,-121.3941823,5/21/2003,0.689010578,0.621676168,0.756344989,9.25503587,6.150718,459.3999939,59000,2340.100098,434.9667,0.1811,1.5964,0.1216,911.6000061
309PS0116,4,36.06400288,-121.3261577,6/16/2011,1.007767316,1.114657609,0.900877024,7.770205936,134.6280916,368.2900085,56710.10156,2418.800049,392.9612667,0.2058,1.585133333,0.1246,1419
309SARANF,10,36.06447703,-121.3852597,8/26/2008,1.19046094,1.14996456,1.230957321,8.936134351,104.277578,405.4899902,59000,2340.100098,535.8676,0.2021,1.5726,0.1277,1268.51001
309UASIND,3,36.1198069,-121.4688849,6/23/2010,1.251596124,1.239896759,1.263295489,11.08212617,18.732874,631.1500244,69493.29688,2096.300049,751.3953,0.2151,1.5493,0.1194,855.8499756
310COOxxx,2,35.2549357,-120.887212,3/29/2002,1.108639806,1.051309618,1.165969994,7.718895038,19.749815,29.84000015,49455.69922,1944.699951,411.7404,0.1622,1.4754,0.1104,512.1599999
310LPCBPC,4,35.26539078,-120.5226007,6/9/2009,1.075577022,1.004572468,1.146581575,8.721577443,27.715024,273.2900085,59537.69922,2249,415.3766,0.1629,1.4782,0.1108,595.7099915
312MANNIR,10,34.77057782,-119.9364104,6/14/2010,0.997575483,1.096112965,0.899038001,8.898400284,79.464216,567.4099731,59434.60156,2292.300049,292.4719,0.2876,1.5444,0.1142,1433.590027
312PS0099,8,34.77957633,-119.9579578,6/14/2010,0.649713107,0.640001435,0.659424779,12.13178553,102.76381,508.7000122,56582.30078,2368.5,287.6767,0.2855,1.5436,0.1136,1492.299988
312WE1028,10,34.74724787,-119.716677,5/29/2002,1.194915868,1.113453539,1.276378198,11.75200268,78.659438,925.8900147,63030.19922,2156.899902,352.4808,0.2695,1.5411,0.1226,1156.109985
312WE1035,10,34.73255449,-119.6771076,5/30/2002,1.03161103,0.973722147,1.089499913,8.260670693,25.866385,1084.380005,61474.19922,2086.800049,344.3625,0.2737,1.5432,0.1246,997.6199951
314WE0677,10,34.74761088,-120.0543524,5/9/2002,1.123478983,1.10685073,1.140107236,7.893994282,19.810795,461.6799927,57533.10156,2379.899902,284.2635,0.2711,1.5064,0.1086,909.3200073
314WE0779,10,34.67015892,-119.754612,7/11/2001,1.170676522,1.055946618,1.285406425,9.335568712,8.277593,859.1599731,71292.60156,2139.600098,301.3,0.2695,1.5399,0.1152,892.8400269
314WE0796,4,34.68354218,-119.8011571,7/10/2001,1.235261218,1.128621719,1.341900716,7.452116154,4.949811,1140.400024,71562.29688,2105.300049,341.9667,0.2802,1.5438,0.1146,860.5999756
402BA0095,10,34.46260229,-119.3460184,5/29/2008,1.2729175,1.208941669,1.336893332,7.480028332,4.758516,491.5100098,61028.19922,2408.100098,362.8333,0.2551,1.5352,0.1319,914.4899902
402BA0287,10,34.50283671,-119.365789,6/9/2008,1.079462565,0.925462995,1.233462135,12.16089216,120.350681,448.3099976,69390.29688,2270.5,419.0183,0.2726,1.5401,0.1319,1387.690002
402S02591,10,34.51784045,-119.3784676,7/21/2011,1.013337058,0.960113554,1.066560563,12.18871244,30.79675996,566.2600098,69390.29688,2270.5,388.8648333,0.2382,1.531533333,0.1319,1172
402S04795,9,34.47988903,-119.1706761,7/14/2011,1.027308156,1.005559395,1.049056917,8.579134127,4.514193778,675.289978,68645.29688,2062.800049,493.7222,0.286766667,1.543866667,0.1319,956
402S05407,10,34.50125108,-119.3504389,7/21/2011,1.127727499,1.076460281,1.178994717,7.633621993,126.0799168,426.3500061,66745.79688,2303.899902,399.9197333,0.2597,1.537133333,0.1304,1410
402WE0536,10,34.51967468,-119.4063132,6/14/2000,1.143326429,1.012665375,1.273987483,7.849370681,55.831264,587.210022,74999.29688,2168.5,457.0155,0.2741,1.5404,0.1319,1248.789978
402WE0803,10,34.4212966,-119.3817335,6/12/2001,0.947629675,0.905722805,0.989536544,12.12688918,27.947756,217.9100037,54298.60156,2430.899902,339.6729,0.2465,1.5158,0.1255,1221.089996
403BA0015,8,34.53173072,-119.1836741,5/19/2008,0.986316738,0.854986677,1.1176468,7.157896395,0.845346,1050.069946,64342.89844,2019.599976,418.6,0.21,1.525,0.1257,398.9300537
403BA0171,9,34.58578564,-119.2833858,5/19/2008,1.061592963,0.983656905,1.139529021,7.020444281,1.850694,1197.52002,62170.30078,1904.400024,430.9333,0.293,1.545,0.1319,468.4799805
403BA0960,8,34.59121797,-118.4606154,5/21/2008,1.161570351,1.092680044,1.230460659,6.501630052,7.468143,669.1199951,43266.89844,2391.199951,630.2667,0.1924,1.6205,0.1281,675.8800049
403S01164,10,34.35078916,-118.5796872,6/24/2011,1.020572381,0.81398593,1.227158831,10.59357572,10.04235933,504.8399963,52926.39844,2419.5,551.6578,0.218,1.577,0.1298,633
403S01536,9,34.5690899,-118.3921259,7/12/2011,0.864260853,0.823227131,0.905294574,7.732289799,37.94468727,844,41840.39844,2265.699951,615.9069667,0.235166667,1.558933333,0.1652,672
403S01979,10,34.45205498,-119.136245,7/14/2011,0.991078019,1.009276306,0.972879732,8.223010238,14.7693531,573.7700195,66347.29688,2255.300049,471.5135,0.290966667,1.5218,0.1319,1357
403STC021,8,34.64779466,-119.0679133,6/4/2003,0.980190875,0.835689186,1.124692564,7.113054941,72.730669,1433.22998,58809.30078,1802.099976,454.2596,0.2616,1.5405,0.1313,682.7700195
403STC026,8,34.55916274,-119.2691552,2/5/2003,0.73750977,1.014930526,0.460089014,6.520477363,19.166677,1035.589966,64037.89844,2054.399902,439.5948,0.2882,1.5439,0.1319,737.4100342
403STC029,10,34.61532768,-118.5595799,2/4/2003,1.107726648,0.989709221,1.225744075,8.97414087,111.234297,635.6199951,41936.19922,2291.699951,620.1292,0.1881,1.6256,0.1411,1035.380005
403STC030,10,34.5675607,-119.1544287,2/6/2003,1.2142365,1.267717801,1.160755199,7.753572853,34.03263,946.5700073,63757.19922,1944.900024,428.9961,0.2577,1.5382,0.1272,1246.429993
403STC064,4,34.55814811,-119.1045921,6/8/2011,1.038886403,1.173995966,0.903776841,7.745274811,13.473381,862.1300049,68601.89844,1958.099976,425.3782667,0.248866667,1.5344,0.126266667,1085.869995
403STC065,10,34.63111461,-118.5364072,2/4/2003,1.138201897,1.126009916,1.150393877,7.823407424,100.929696,697.710022,41936.19922,2291.699951,632.5814,0.1882,1.6254,0.1412,973.289978
403STC085,8,34.64270211,-119.0783376,6/4/2003,1.000816261,0.780301682,1.22133084,6.550231713,68.516739,1442.670044,61448.80078,1810.300049,453.8,0.2617,1.5405,0.1313,673.3299561
403STC086,8,34.55624729,-119.205918,2/6/2003,0.974817008,0.658634185,1.29099983,7.745934407,20.650896,971.3300171,65901.20313,2043.099976,395.8978,0.2585,1.5365,0.126266667,1265.669983
403WE0501,10,34.54139913,-118.774337,6/7/2001,1.219975402,1.201596962,1.238353841,8.882760027,85.871058,367.7200012,43531.89844,2360.300049,469.5235,0.2785,1.5229,0.1263,1716.279999
403WE0540,10,34.65096861,-119.1203168,6/21/2000,0.914825176,0.932326543,0.897323808,7.800974337,32.78668,1492.069946,59597.10156,1813.400024,477.2222,0.2609,1.5411,0.1309,623.9300537
403WE0795,8,34.64086852,-119.0820458,6/6/2001,1.121789534,1.174570411,1.069008658,6.548122828,67.511182,1451.790039,61448.80078,1810.300049,453.9353,0.2617,1.5404,0.1313,664.2099609
403WE1027,10,34.72655489,-119.0294278,5/2/2002,0.779963124,0.99303848,0.566887768,7.0560704,152.851082,1435.72998,53788.89844,1781.699951,609.9708,0.2359,1.5021,0.1394,1254.27002
405BRCAMS,4,34.27376523,-117.8990056,6/7/2011,1.298672786,1.342005156,1.255340417,6.372773388,13.77303912,722.1099854,72246.89844,2039.099976,1054.3486,0.125,1.492,0.172,1636
405S01248,9,34.25895681,-117.744993,7/26/2011,1.173898189,1.105267707,1.24252867,6.438483224,1.815258118,736.6599731,68084.29688,2183,911.0333,0.125,1.492,0.1706,825
405WER318,10,34.26818848,-117.8929433,7/7/2009,1.186548118,1.269042438,1.104053798,8.151776674,65.065822,638.710022,63236.60156,2287.800049,1227.7808,0.1253,1.4923,0.171,1869.289978
504PS0227,10,39.98925583,-121.9698086,8/12/2009,0.973563876,1.026057372,0.921070381,10.85693364,546.179909,121.0699997,68279.20313,2369.899902,3933.9121,0.1791,1.3126,0.2636,2272.93
504WE0527,10,40.10751946,-122.031096,8/20/2001,1.009461462,1.055932976,0.962989947,10.38432439,68.753115,132.8099976,72479.89844,2363.100098,2277.5811,0.206,1.55,0.2444,629.1900024
505PS0110,3,41.09655559,-122.2015036,8/3/2010,0.987578764,1.02134153,0.953815998,18.87156437,30.493723,595.1199951,165225.7969,2092.199951,4723.7266,0.158,1.502,0.197,977.8800049
505PS0174,4,40.99700689,-122.0590657,9/27/2011,1.153543871,1.061741828,1.245345913,17.66577443,50.60653882,574.1900024,209314.2031,2094.5,5329.8996,0.1714,1.278066667,0.148233333,1031
506PS0062,4,40.86097847,-122.4622287,9/15/2008,1.009820211,0.967416108,1.052224314,18.05698628,11.001272,424.8999939,186166,2147.600098,5143.9302,0.1653,1.4935,0.1926,883.1000061
508ACNFPW,1,40.28075595,-121.7662868,10/9/2002,0.89716628,0.989642141,0.804690418,19.88342304,33.957892,934.6099854,103547.5,1971,4685.876,0.1731,1.2073,0.2593,1164.390015
509ACNFPP,4,40.24151768,-121.8625736,10/10/2002,1.021286937,1.014232627,1.028341246,17.50391717,106.78083,430.0899963,87801.79688,2252.600098,4166.1016,0.176,1.2787,0.2514,1670.910004
509ACSFPP,4,40.24141277,-121.8621056,10/10/2002,1.137845799,1.239944796,1.035746803,17.37876472,120.044007,432.2900085,87801.79688,2252.600098,3922.1865,0.1791,1.2963,0.2673,1629.709991
509ATCINC,4,40.23309871,-121.8784189,7/14/2008,1.094115766,1.035068548,1.153162983,17.34360216,245.845677,403.5799866,87801.79688,2252.600098,3935.7795,0.1798,1.3081,0.2586,1697.420013
509BSCADC,3,40.10205747,-121.6636106,8/10/2000,1.082192867,1.209508313,0.954877421,18.85058711,21.89010194,705.9400024,135902.5938,2001.599976,3520.1935,0.159166667,1.2171,0.2466,854
509CE0162,10,40.06017231,-121.9478016,9/6/2005,0.817280199,0.725693295,0.908867104,12.10297959,71.088426,219.9799957,77169.89844,2339,2792.2676,0.2056,1.5475,0.2451,1041.020004
509FCA054,10,40.21812279,-121.9988993,9/21/2009,0.913903573,0.869460468,0.958346678,9.391173574,303.079972,247.1399994,75204,2333.300049,3662.9976,0.1848,1.3544,0.2555,1853.860001
509PCDTWR,4,40.31173177,-121.8865247,9/3/2008,0.942972204,0.808375327,1.077569081,14.84823598,20.276132,617.5300293,91521,2260.300049,3490.0947,0.1827,1.3858,0.2444,580.4699707
509PS0085,5,40.25515869,-121.5589888,9/7/2011,1.095573282,1.082304726,1.108841838,14.42946997,131.7147592,1165.150024,121989.8984,1625.699951,5280.179667,0.176033333,1.280133333,0.271533333,1969
509PS0170,1,40.26505186,-121.7681249,7/26/2010,1.068052062,1.092890369,1.043213755,21.088679,20.322476,949.789978,103378.2969,1982.599976,4689.4849,0.1638,1.1728,0.2584,1151.210022
509PS0234,4,40.23194797,-121.8989795,7/21/2011,0.802818462,0.828118681,0.777518244,14.147578,252.8156379,376.8399963,84845.89844,2299,3104.0509,0.1975,1.4716,0.2457,1724
513PS0008,8,38.93238602,-122.9322325,6/11/2009,0.617584714,0.659620266,0.575549162,17.37471037,19.194983,482.0899963,101696.8984,2149.199951,928.1647,0.211,1.507,0.1408,418.9100037
514BMCARC,3,38.87262994,-120.7436056,8/1/2000,0.946439601,0.837510046,1.055369156,13.26550043,9.639324275,721.0499878,123062.1016,2058.800049,2454.5635,0.242,1.353,0.1187,673
514ICEUPx,5,38.82007635,-120.3139587,9/8/2005,1.091246429,1.180354896,1.002137963,15.96586556,55.327299,1672.699951,115148.3984,1758.800049,4750.1851,0.1241,1.4882,0.1388,1357.300049
514LNCASC,9,38.81356525,-120.2260949,8/30/2011,0.669786779,0.492597257,0.846976302,14.16804693,13.97134239,2071.75,124064.7969,1330.400024,4768.1131,0.125866667,1.504866667,0.136633333,964
514SCCAAR,7,38.79109538,-120.1048071,7/24/2008,1.091234926,1.175404063,1.007065789,13.90177301,15.336068,2096.77002,109299.3984,1322.300049,4881.8311,0.1058,1.3997,0.1718,725.2299805
517FCA046,4,39.46546447,-120.96739,7/20/2009,0.983350996,0.876356428,1.090345563,18.34280863,41.5855,1038.319946,166017.5,1856.199951,3644.1968,0.16,1.0291,0.218,726.6800537
517PS0054,4,39.44579799,-121.0335499,7/28/2010,1.068325463,0.982670215,1.15398071,17.33131224,56.101318,721.8400269,154737.5938,2006.099976,3520.8591,0.1608,1.0312,0.2123,1043.159973
517PS0074,2,39.6237242,-120.7248071,9/20/2011,1.132679387,1.08625337,1.179105404,16.96201199,25.46898816,1531.97998,163880.2969,1662.099976,4173.335933,0.159166667,1.366833333,0.133933333,767
518CE0047,11,40.37539338,-121.1049458,6/14/2004,0.293582159,0.433843325,0.153320992,13.04452814,25.294957,1652.589966,89368.5,1497.699951,3574.8591,0.137,1.1643,0.2823,475.4100342
518CE0338,6,39.76503016,-120.8314678,8/21/2007,1.236922748,1.200588096,1.2732574,12.5661944,3.003637,1675.619995,181856.5938,1597.300049,4531.8335,0.154,0.985,0.1603,468.3800049
518CPCRCR,2,40.00465798,-121.2706029,8/14/2008,0.915376123,0.819427289,1.011324957,18.78723536,45.933127,698.0999756,114488.2031,1865,4424.5195,0.1634,1.2011,0.1684,1463.900024
518FCA075,1,39.9061276,-121.0467675,9/23/2008,1.055193706,1.018626588,1.091760825,14.65522451,2.761232,1272.579956,108841.7969,1831.900024,3468.8167,0.1415,1.4878,0.2387,422.420044
518GZCUPX,1,39.88992526,-121.2779301,8/20/2008,1.009911202,1.018943943,1.000878462,17.98420156,36.503634,1332.77002,179188.5938,1733.400024,4500.1284,0.1548,1.4122,0.1499,603.2299805
518KNCAWC,7,40.45028219,-121.3672013,8/7/2000,0.816286315,0.738899328,0.893673302,12.30874859,42.40964012,1664.609985,132220.2969,1388.800049,7314.410167,0.138233333,1.1212,0.283266667,1149
518MCGRRx,6,39.65351001,-121.3950561,10/10/2002,0.933752518,1.067795778,0.799709258,21.25772565,3.566545,621.789978,163637.5938,2071,2776.3999,0.19,1.5173,0.1706,422.210022
518PS0033,6,39.90979932,-121.0706296,6/29/2009,1.138966111,1.125900742,1.152031481,17.3606367,4.344834,1256.310059,123287.3984,1793,3567.3333,0.1417,1.4909,0.2452,416.6899414
518SED086,3,39.80622272,-121.0421036,8/17/2011,1.133722681,1.127650493,1.139794869,20.17906961,50.12516489,921.7399902,169866.9063,1827.900024,3709.784667,0.141633333,1.371766667,0.1409,1348
518WE0521,2,39.81297147,-120.6821148,8/30/2000,1.133405254,1.11581098,1.150999528,13.90096139,71.561346,1327.369995,92665.89844,1730.400024,3889.4231,0.1461,1.1772,0.1702,1056.630005
518YLCAFR,3,40.01206027,-121.2474584,8/17/2011,1.187916608,1.190043527,1.185789688,16.02307744,198.5707465,698.5100098,114488.2031,1865,3453.8561,0.1562,1.412633333,0.161533333,1487
522CE0027,4,39.29118144,-122.5590115,6/3/2004,0.863584731,0.748494057,0.978675406,10.21789241,104.269764,439.6400147,60616.89844,2248.100098,1530.592,0.1826,1.4926,0.0817,1424.359985
523PS0172,1,39.93458556,-122.8273985,8/10/2011,1.172434441,1.289765677,1.055103205,18.00771707,9.292383087,1171.839966,112529.5,1699.099976,2762.5,0.178,1.463,0.1154,822
523TMCATG,10,39.85365304,-122.6709404,10/5/2009,0.747921328,0.812942918,0.682899737,14.64343805,405.987373,343.7200012,73490.70313,2038.300049,2568.5005,0.1736,1.4712,0.123,2117.279999
524ACMFPW,1,40.26751694,-121.7756355,10/9/2002,1.06174095,1.023813205,1.099668694,17.27793117,20.738437,925.7399902,95493.10156,2101.199951,4651.3335,0.1637,1.1736,0.2581,1175.26001
525WE0755,6,41.33707374,-122.4087735,8/22/2001,1.028786655,1.021849274,1.035724037,16.41363856,5.105586,1501.670044,120795.3984,1626.400024,4320.6401,0.1561,1.3807,0.0818,1199.329956
526CE0061,6,41.37625045,-120.2918331,8/3/2004,0.902976402,0.813005854,0.99294695,15.10654723,4.543621,2009.540039,57655.80078,1318,6672.5068,0.161,1.4163,0.2619,902.4599609
526PS0072,4,41.13510762,-120.8002516,9/23/2008,1.041688186,1.080216759,1.003159612,11.96220407,365.435502,1494.709961,41316.89844,1539.800049,4569.3525,0.1698,1.4462,0.2596,667.2900391
526PS0076,6,41.27434167,-120.2636819,8/26/2008,0.981199051,0.988266455,0.974131646,15.39832944,45.351623,1833.359985,62507.89844,1242.800049,6577.5151,0.1593,1.4087,0.264,1171.640015
526PS0396,4,41.37827034,-120.4141952,9/1/2009,1.081116087,1.061467539,1.100764636,11.80997243,69.279857,1543.180054,36353.69922,1664.900024,5846.5122,0.159,1.3415,0.2794,1097.819946
526WER123,6,41.27280981,-120.2733868,8/4/2004,1.23856222,1.225152008,1.251972433,13.57857374,46.741525,1780.449951,50369.19922,1455.800049,6561.1606,0.1587,1.4062,0.2635,1226.550049
532WE0760,3,38.57710132,-120.5451141,8/9/2001,1.047875635,1.017851579,1.07789969,18.55460224,28.209851,986.5100098,113680.7031,2031,2436.5552,0.1782,1.2481,0.2309,678.4899902
532WER222,7,38.49592822,-119.8948968,7/28/2004,0.985688895,0.73403305,1.23734474,13.73909748,7.081027,2368.27002,122295.1016,1065.099976,5071.9126,0.102,1.4055,0.1723,545.7299805
534MLC108,1,38.30048971,-119.9347228,9/14/2011,1.077834392,1.005960196,1.149708588,13.91656996,11.8475629,1930.77002,101708.6016,1359.099976,4848.814467,0.173033333,1.487566667,0.197266667,662
534RSCAGG,4,38.13263387,-120.2184873,9/19/2011,0.851420294,0.85401678,0.848823809,18.84961263,18.25274396,1077.329956,111104.1016,1851.199951,2095.041333,0.191733333,1.2226,0.193533333,585
536CE0106,4,37.80111368,-119.8476773,8/17/2005,1.250447935,1.26664943,1.234246439,18.63485222,18.403758,1329,96387.29688,1714,1512.45,0.2376,1.4005,0.146,694
536CE0330,6,38.03672444,-120.0899836,6/27/2007,0.833149484,0.84638683,0.819912138,15.85535742,1.916375,1552.449951,106913.7031,1752.5,2662.6001,0.231,1.4259,0.1676,163.5500488
536CLV004,5,37.97643254,-120.051348,10/13/2005,1.134983221,1.086397525,1.183568918,13.51843544,230.969686,990.75,103956.3984,1915.300049,3739.7698,0.1905,1.4068,0.1848,1836.25
536SED006,1,37.90553891,-119.9969611,8/16/2006,1.130496137,1.002867868,1.258124406,19.07601497,48.49139091,1061.97998,102557.2031,1999.699951,2116.023267,0.224033333,1.405,0.148533333,1045
536SED108,3,37.86881216,-119.9043549,9/21/2011,1.090336631,1.287534242,0.893139019,16.79469789,145.6571591,1205.060059,90801.70313,2003.699951,2202.943033,0.1787,1.448733333,0.165,1725
536WER237,7,37.87780048,-119.2520771,8/10/2004,1.057183083,0.923987659,1.190378506,11.76096505,24.694142,2946.370117,80689.10156,914.2999878,4607.6523,0.1073,1.3974,0.1601,931.6298828
537BLCABG,6,37.70457761,-119.9741714,9/15/2011,0.844408461,0.844605424,0.844211498,15.39898477,55.66865935,822.9000244,93466.10156,2068.800049,1639.992967,0.221133333,1.468433333,0.130666667,1031
537CE0238,1,37.68463228,-119.6854873,8/15/2006,1.03626815,1.16970229,0.90283401,12.18385647,6.717777,1755.949951,106365.8984,1517.699951,1036.7523,0.183,1.698,0.1706,602.0500488
537FCA009,5,37.68448695,-119.5401621,8/12/2009,0.847538018,0.841079525,0.853996512,16.39350957,114.196525,1955.22998,107421.5,1423.099976,1159.8912,0.1145,1.4678,0.1476,1602.77002
537WER236,2,37.85294961,-119.5748096,8/11/2004,1.06885087,0.996907048,1.140794691,15.77847455,36.491423,2279.310059,118491.2969,1382.199951,2789.2649,0.102,1.405,0.1609,1019.689941
540CE0078,9,37.21963497,-118.8614809,8/17/2004,1.031758246,0.965330086,1.098186406,13.65888334,13.820379,2402.120117,103700,938.9000244,2422.2832,0.102,1.405,0.1688,1296.879883
540GNCBTC,2,37.56419334,-119.3154568,9/13/2011,1.239742814,1.085834129,1.393651498,12.91571101,37.61521019,2333.139893,116348,1226,1164.309133,0.1272,1.172166667,0.1552,1184
540SED003,9,37.24198496,-118.9465535,6/20/2007,0.952300459,0.797115531,1.107485387,7.223571611,37.97207693,2246.189941,90783.89844,1242.599976,2763.618967,0.104866667,1.516633333,0.151866667,1096
540SJRUPx,2,37.24041128,-118.9388794,9/15/2005,1.086204175,1.114722106,1.057686243,8.509139702,390.426477,2262.139893,90783.89844,1242.599976,2771.7354,0.1028,1.4101,0.1596,1978.860107
552FCA017,8,36.96367359,-119.2313961,8/19/2008,0.663134338,0.666723372,0.659545304,9.097176441,125.841137,449.4599915,64423.89844,2297,1760.5336,0.2107,1.4682,0.1703,1902.540009
552MFCAKR,8,36.85384177,-119.0974007,6/11/2008,0.717908584,0.655602715,0.780214453,7.690193349,126.419466,332.3500061,60572.80078,2271.899902,1839.437,0.2282,1.441,0.1598,2033.649994
552PS0028,8,36.84306028,-119.0971832,6/18/2008,1.137798314,1.107123628,1.168473001,7.702360254,122.384877,394.8800049,60572.80078,2271.899902,1852.5907,0.2282,1.4432,0.1606,1971.119995
552PS0284,4,36.90905851,-119.1272701,8/29/2011,1.240293486,1.153614061,1.326972911,8.289543748,341.9535955,418.6600037,64030.60156,2227.800049,1777.543367,0.207733333,1.521033333,0.167533333,2805
553KRMAPC,7,36.51986649,-118.7597473,8/22/2011,0.977859411,0.996168656,0.959550166,12.50585996,228.3740201,875.039978,78155.10156,1895.900024,2182.211667,0.195566667,1.484933333,0.168733333,2961
553KRNAYC,10,36.54645788,-118.897798,8/14/2000,1.094162226,1.342189098,0.846135355,8.27290806,231.4967883,534.0599976,66642.10156,2280.300049,1622.713,0.240366667,1.499166667,0.1478,2385
553WER208,1,36.64784736,-118.8022696,7/8/2004,1.037625969,1.044248809,1.031003129,12.60907909,15.550248,2055.540039,100483.5,1216.5,2972.4089,0.1269,1.3998,0.1706,869.4599609
553WER225,1,36.35116471,-118.7513701,7/8/2004,1.13654784,1.18474541,1.08835027,13.78232763,3.634751,1300.310059,86793.29688,1655.199951,1936.0222,0.1872,1.5275,0.153,1450.689941
554CLCALK,1,36.21272141,-118.5166538,8/23/2011,1.128220782,1.06773605,1.188705514,11.7775175,22.3153911,1892.22998,73679.10156,1708.800049,1826.6656,0.195666667,1.601833333,0.161333333,918
554NYCGWD,5,36.02064002,-118.5670574,7/19/2000,1.093390201,1.050575376,1.136205025,10.56147415,8.322300004,1938.550049,69254,1667.300049,1372.586133,0.198066667,1.484333333,0.169733333,729
554PMCABC,5,35.95286412,-118.4154333,7/20/2000,1.211122895,1.227768985,1.194476804,10.88342608,17.12553992,1824.27002,65564.5,1576.900024,1503.447067,0.175566667,1.398466667,0.158633333,1131
554PMCGWD,8,36.08357346,-118.5475494,7/19/2000,0.803437341,0.849542007,0.757332676,13.20423682,3.293999993,2231.310059,71164.10156,1525.400024,1591.344467,0.211966667,1.467366667,0.135133333,590
555PS0064,4,36.18223438,-118.7880582,6/17/2008,1.104254159,0.968895687,1.23961263,8.873739856,61.616523,442.0899963,43783.30078,2469.5,1179.1344,0.234,1.4988,0.1706,2135.910004
601LVC002,4,37.97301582,-119.1102743,7/2/2003,0.950262713,1.027267608,0.873257817,12.59650906,121.641981,1963.699951,38700.19922,1606.800049,4686.2261,0.1236,1.3073,0.1513,2009.300049
603DDM001,9,37.7512698,-118.9429195,9/14/2000,0.906127576,0.910026005,0.902229148,13.30039051,92.866343,2222.25,46893.69922,1530,2897.9805,0.1412,1.2615,0.2379,1302.75
603DDM004,7,37.70821134,-119.056999,7/6/1999,1.023494518,1.063570424,0.983418612,14.23605353,8.418762,2536.780029,68893.5,1300.099976,3807.7632,0.1413,1.0475,0.4388,984.2199707
603DDM005,6,37.70826681,-119.0531977,7/1/1999,0.985001967,0.982451735,0.987552199,15.18907052,2.276273,2519.790039,68893.5,1300.099976,2757.4333,0.141,1.041,0.6743,525.2099609
603DDM006,6,37.70537702,-119.032801,9/13/2011,1.026505444,1.097278552,0.955732336,14.64845278,2.903706,2473.949951,68893.5,1300.099976,2616.922267,0.141,1.041,0.282266667,644.0500488
603FCA145,7,37.56513646,-118.7544542,8/11/2009,1.194842623,1.156523497,1.233161749,11.3529308,31.872499,2177.449951,28256.59961,1596,3340.0452,0.1235,1.5237,0.1439,1778.550049
603GLS001,7,37.74707335,-118.9862384,9/7/2006,0.687048917,0.760944327,0.613153507,13.04730367,15.942981,2287.820068,54599.80078,1455.800049,3142.8179,0.1394,1.1889,0.2811,894.1799316
603OHR001,7,37.74498783,-118.7556297,9/13/2000,0.967866345,1.157529291,0.778203399,12.85011093,5.682167,2190.340088,36364.89844,1501.199951,3377.6001,0.1196,1.5699,0.1373,1160.659912
603PS0008,6,37.48579392,-118.7604659,7/30/2008,0.99354364,1.113803287,0.873283994,11.4510286,6.438667,3105.929932,41684.30078,953.9000244,3389.2334,0.1021,1.402,0.1706,682.0700684
603PS0045,7,37.55124585,-118.8015769,8/29/2011,0.905671538,0.942337763,0.869005314,10.35666854,40.2247007,2393.320068,50353.30078,1095.699951,3133.7448,0.129966667,1.144833333,0.133766667,1549
603PS0056,7,37.34173611,-118.7337829,8/31/2011,0.917515881,0.844974461,0.990057301,12.12051058,5.010749924,3130.310059,85112.5,644,4387.6001,0.102,1.405,0.1702,686
603PS0073,7,37.70933961,-119.0580324,9/13/2011,1.093641004,1.065855736,1.121426273,14.26754517,8.494007788,2536.899902,68893.5,1300.099976,3457.653233,0.1412,1.0454,0.5241,988
603PS0109,2,36.59494492,-118.1448532,7/29/2008,0.938174922,0.878226785,0.998123059,7.013163294,42.243523,1539.030029,17819.59961,2145.699951,1433.4508,0.1139,1.4896,0.1628,2875.969971
603WE0758,9,37.54963915,-118.7610019,7/2/2001,1.08099741,1.085102767,1.076892053,12.07177634,31.01918,2499.969971,38723.30078,1217.099976,3340.0452,0.1232,1.5208,0.145,1456.030029
603WER242,7,37.55109121,-118.8730709,8/31/2004,0.866298022,0.712102172,1.020493873,11.75901229,14.462653,2929.889893,80214.89844,921.9000244,2996.1953,0.139,1.0573,0.1197,1071.110107
603WER245,6,37.0109348,-118.3298285,7/29/2004,0.897713657,0.943437398,0.851989917,11.73722811,18.8936,1678.150024,22979.40039,1789.400024,2657.4443,0.1054,1.4603,0.1681,2359.849976
603WKR001,11,36.24400803,-118.0553363,7/26/2005,0.670121197,0.72340732,0.616835074,11.34825222,13.342863,1536.630005,18733.80078,2163.699951,1427.2452,0.124,1.5087,0.1762,1863.369995
604WER244,9,37.55472829,-118.1715316,7/27/2004,0.571260204,0.620709546,0.521810862,11.49841914,26.097015,2996.580078,30436.90039,944.5999756,5818.8086,0.116,1.577,0.1311,969.4199219
626PS0171,8,34.44758034,-118.015911,5/15/2008,1.089687361,0.89967609,1.279698631,7.032905859,122.065643,1043.560059,36384.30078,2197.600098,1207.5758,0.1447,1.5564,0.1677,1466.439941
626PS0619,8,34.4187649,-117.9747059,6/3/2010,1.123450808,0.965105326,1.28179629,7.021396515,83.951014,1186.099976,50783,2019,1303.8607,0.138,1.5344,0.1619,1323.900024
626PS0827,2,34.3865167,-117.8250169,6/3/2010,1.217640188,1.244237372,1.191043004,7.556402223,19.414241,1480.25,60926.5,1865.699951,1642.9714,0.1258,1.4932,0.165,1299.75
628CE0088,9,34.30576495,-116.9426962,5/12/2004,0.871879457,0.896747389,0.847011525,11.8062148,19.332177,2150.590088,49118.69922,1749.599976,4123.2461,0.1664,1.6393,0.1102,402.4099121
630BDY001,6,38.27033777,-119.3085893,7/7/2005,1.242744222,1.260035033,1.225453411,11.42434292,10.018516,2163.98999,22324.5,1606.599976,4513.6465,0.127,1.4965,0.2642,911.0100098
630BUC001,2,38.27562088,-119.2584217,7/24/2000,0.820719504,0.919185353,0.722253656,11.07644099,284.59869,1968.569946,22102.90039,1629.199951,4938.0742,0.1275,1.4699,0.1938,2000.430054
630FCA097,6,38.27129636,-119.3305513,8/10/2009,1.181393791,1.19577785,1.167009732,13.71025414,7.692221,2333.48999,44087,1385.400024,4686.0332,0.114,1.491,0.2582,741.5100098
630PMT001,9,38.30374868,-119.0328702,7/6/2005,0.677863597,0.712372278,0.643354916,13.98916799,49.277434,2287.25,31344.80078,1429.300049,4479.2031,0.1492,1.4235,0.281,529.75
630PS0005,6,38.06609598,-119.2250465,7/31/2008,1.206173011,1.21230214,1.200043881,12.49954292,16.503141,2766.360107,57709,1283.5,4574.8647,0.1305,1.1684,0.1322,992.6398926
630RBS002,9,38.26904327,-119.2608541,9/11/2000,0.767458505,0.876017327,0.658899684,15.17681711,129.028435,1973.430054,22561.19922,1670.099976,5013.0527,0.1332,1.352,0.1468,1769.569946
630RBS004,2,38.19188307,-119.3198422,7/12/2002,0.930558893,0.905237312,0.955880474,11.50771492,102.842771,2131.110107,46262.69922,1398.800049,5277.0845,0.125,1.3302,0.1496,1611.889893
630SWA001,7,38.35817076,-119.34264,7/16/2002,1.197112467,1.192730695,1.20149424,12.48445436,30.810828,2318.050049,51594.60156,1171,5202.8774,0.1134,1.5493,0.1887,1186.949951
630SWA002,7,38.37018312,-119.3475864,8/13/1999,0.978647602,0.913775291,1.043519913,12.45783606,26.211408,2406.449951,51594.60156,1171,5290.0513,0.1134,1.554,0.1909,1098.550049
630WE0860,1,38.31089784,-119.3440752,8/21/2008,1.102109841,1.085614048,1.118605633,9.833671203,25.1722,2271,44087,1385.400024,4924.3027,0.1174,1.5024,0.2415,793
631CE0074,7,38.45073836,-119.4881965,8/23/2004,1.117025421,1.265027948,0.969022894,10.31967362,13.955241,2083.350098,56869.39844,1368.400024,4778.8833,0.1246,1.3727,0.2117,865.6499023
631COT001,7,38.44022039,-119.4246821,9/28/2000,0.990558544,0.971349937,1.009767151,12.8742552,22.907376,2167.969971,46011.10156,1303.400024,4736.084,0.1141,1.4936,0.2678,998.0300293
631KIR001,9,38.34522076,-119.5207102,9/28/2000,0.983039758,0.855122067,1.110957449,10.8014938,5.917271,2059.75,60178.69922,1376.900024,5084.543,0.1457,1.1985,0.2701,661.25
631KIR002,9,38.33582244,-119.5134524,7/18/1999,0.679446889,0.618290024,0.740603754,13.50249704,2.753731,2173.419922,60178.69922,1376.900024,5051.9502,0.1501,1.3522,0.2612,413.5800781
631KIR003,9,38.33714447,-119.5204724,7/22/2002,1.00736902,1.085763603,0.928974438,10.76455884,4.856046,2120.209961,60178.69922,1376.900024,5067.1602,0.1467,1.2281,0.271,600.7900391
631POR002,9,38.33189907,-119.5331485,7/18/2002,0.796499284,0.823451122,0.769547445,11.69518534,13.798989,2063.399902,58129.69922,1370.099976,5519.457,0.141,1.04,0.271,1050.600098
631PS0023,2,38.47176646,-119.3530753,8/4/2009,1.065205261,1.09236559,1.038044932,13.4868921,9.310312,2686.26001,60555.60156,1028.099976,5224.7295,0.1149,1.5101,0.2413,682.7399902
631PS0033,7,38.28757702,-119.5474199,8/30/2010,0.908971186,0.759820881,1.05812149,12.2859238,6.712086,2244.280029,68812.20313,1286.800049,5418.4526,0.132,1.1217,0.2337,997.7199707
631SLK001,9,38.60058445,-119.5685004,7/27/2000,0.812600793,0.761192513,0.864009073,12.73134779,27.285161,1878.699951,55253.30078,1396.300049,3793.4177,0.1638,1.4679,0.1748,798.3000488
631SRD001,6,38.31520277,-119.5972931,7/13/2005,1.017061082,0.89341142,1.140710745,14.02634285,1.02948,2688.840088,83491.79688,1083.599976,5564.9331,0.103,1.4099,0.1608,228.1599121
631WWF001,7,38.36615405,-119.5640402,7/12/2005,1.154295631,1.159752081,1.148839182,13.05665774,11.476632,2571.649902,82928.29688,1022.400024,5300.7778,0.1136,1.3014,0.1985,898.3500977
631WWK002,2,38.37232061,-119.4543162,7/8/2002,1.192114845,1.11915136,1.26507833,14.22836797,303.199948,2014.790039,49503.10156,1405.599976,5470.5645,0.1249,1.2531,0.1996,1954.209961
631WWK005,7,38.3091402,-119.5505771,8/15/2000,0.922709906,0.919260212,0.9261596,14.03645765,142.55047,2183.530029,68812.20313,1286.800049,5632.959,0.1156,1.2786,0.1915,1785.469971
631WWK006,7,38.29114835,-119.5459791,7/17/2002,1.124730349,1.052120512,1.197340185,13.36295249,137.114888,2220.709961,68812.20313,1286.800049,5648.9961,0.116,1.2742,0.1911,1748.290039
632BGV002,9,38.59508678,-119.6493374,7/8/1999,0.669077678,0.519839322,0.818316033,9.776174085,21.420219,1953.079956,61817.19922,1349.099976,4284.626,0.2235,1.2677,0.2762,767.920044
632BGV003,9,38.59837991,-119.6482284,7/24/2002,1.03155841,1.090724942,0.972391879,10.2839197,20.741744,1950,61817.19922,1349.099976,4284.626,0.2245,1.2712,0.2763,771
632CHV001,2,38.67824961,-119.9008069,8/19/2004,0.883281181,0.922897474,0.843664888,13.03835227,10.939899,2366.679932,106878.2969,1194.900024,4836.5889,0.1276,1.3014,0.2391,498.3200684
632COY001,6,38.48078376,-119.5991313,9/5/2007,1.207986388,1.127078351,1.288894425,13.18959852,10.903245,2469.889893,72824.39844,1209.199951,4861.3364,0.1105,1.4912,0.1706,746.1101074
632COY002,6,38.4656221,-119.5795678,9/5/2007,1.260027828,1.197672935,1.322382721,13.6117931,5.837281,2512.060059,73590.20313,1118.199951,4903.7388,0.1087,1.4122,0.1706,703.9399414
632CRV001,6,38.49839051,-119.6046153,9/6/2007,1.242295614,1.268508266,1.216082962,13.1569971,25.383348,2350.449951,73263.79688,1221.199951,4771.6416,0.1169,1.458,0.1783,865.5500488
632ECR006,2,38.5910931,-119.656858,9/7/2000,1.121955872,1.091300135,1.152611608,13.88151906,257.067799,1923.920044,61817.19922,1349.099976,4854.1504,0.1256,1.3562,0.2029,1556.079956
632ECR008,2,38.57040906,-119.6279319,9/8/2007,0.957186707,0.98009295,0.934280465,13.91445127,246.154508,1954.790039,57525.69922,1353.900024,4879.5308,0.1239,1.3669,0.2009,1525.209961
632ELD001,7,38.49939776,-119.7408887,7/10/2003,1.117172912,0.965617712,1.268728112,14.18743687,4.337061,2377.629883,112891.2031,1068,4970.316733,0.141,1.041,0.274133333,784.3701172
632LEV004,2,38.68851296,-119.6485606,7/9/1999,1.117630797,1.062888546,1.172373049,11.94159147,6.523609,2259.929932,60225.5,1400.699951,4678.6333,0.232,1.297,0.2813,352.0700684
632MUR001,6,38.49204842,-119.7020096,9/7/2011,1.165107074,1.11204205,1.218172099,13.13443315,7.726113,2350.790039,97360.79688,1100.699951,5096.2806,0.120033333,1.366566667,0.214766667,631.2099609
632NOB001,7,38.57394592,-119.7906001,9/1/2010,1.052818807,1.10017637,1.005461244,16.90766313,17.221011,2221.77002,108340.3984,1212.400024,5274.7627,0.1311,1.1347,0.2445,1099.22998
632PS0007,7,38.53334752,-119.5937108,7/23/2008,1.050486019,0.868590407,1.232381632,13.79442825,98.66497,2107.939941,67846.89844,1309.099976,4902.5752,0.1217,1.3808,0.1947,1240.060059
632PS0014,2,38.56549454,-119.6234842,9/8/2007,0.885838818,0.900383867,0.871293769,13.77262231,113.127704,1961.27002,57525.69922,1353.900024,4829.9458,0.1261,1.3765,0.2006,1386.72998
632PS0058,7,38.60611127,-119.6900209,8/15/2011,1.124226606,1.152736456,1.095716755,15.51495851,76.54524087,1892.079956,57688.60156,1426.800049,4733.2552,0.1455,1.161166667,0.2341,1425
632SND001,6,38.52111146,-119.5776001,6/22/2005,1.039379944,1.105841285,0.972918603,12.33402257,3.231868,2301.189941,67846.89844,1309.099976,4578.9556,0.1521,1.3245,0.147,523.8100586
632SPT001,2,38.68450082,-119.8085037,9/6/2000,1.227420851,1.2582698,1.196571902,10.8643701,11.846581,1752.599976,55692.39844,1601.400024,4843.2168,0.1359,1.4637,0.2029,924.4000244
632SVK002,6,38.55183553,-119.6072492,7/23/2002,1.128223005,1.042787069,1.213658941,14.83118477,1.698975,2047.920044,65665.29688,1318.800049,4137.8335,0.203,1.2847,0.2838,563.0799561
632SVR001,7,38.60380314,-119.7703631,6/28/2007,1.236606477,1.216061152,1.257151802,14.31807994,52.417941,1954.02002,116166.5,1128.800049,5248.0313,0.1339,1.1524,0.2351,1366.97998
632WE0629,2,38.69556861,-119.8764616,6/27/2002,1.119749895,0.992524094,1.246975695,12.83104399,16.86205,2240.48999,98887.10156,1252.699951,4916.2261,0.1228,1.3968,0.2212,624.5100098
632WLF001,7,38.57309679,-119.6964221,9/7/2000,1.228392674,1.266970327,1.189815022,13.44746848,62.572992,1999.569946,80292.79688,1254.900024,4870.8018,0.1382,1.1573,0.2478,1326.430054
633PS0003,7,38.81741232,-119.9094677,7/22/2008,0.835085387,0.664631427,1.005539347,13.92287636,14.626207,2462.610107,76329.60156,1237,4756.189,0.1131,1.5873,0.1706,841.3898926
633WCR003,2,38.68076254,-119.9330804,8/31/1999,0.925979201,0.830389789,1.021568613,13.70441478,14.836709,2293.189941,106878.2969,1194.900024,4646.2212,0.1295,1.2568,0.222,697.8100586
633WE0991,2,38.73224238,-119.9296218,9/10/2003,1.101368577,1.285871053,0.9168661,13.08806161,35.647958,2178.01001,94435.70313,1256,4740.8696,0.1199,1.4489,0.1997,812.9899902
634CAS001,6,38.92503119,-120.1096291,8/15/2002,0.968650168,0.92563391,1.011666426,12.85008543,7.245181,2223.27002,143141.9063,1126.5,4523.3447,0.12,1.3294,0.1806,707.7299805
634CE0482,7,39.08457235,-120.2154141,7/14/2004,0.963474439,0.936595071,0.990353806,13.12662194,5.13439,2012.97998,131643.4063,1312.900024,4554.7334,0.164,1.006,0.1768,603.0200195
634GEN001,7,39.04425231,-120.1437994,8/30/2000,1.127806658,1.091027005,1.164586311,12.02143616,16.478744,1959.579956,63510.10156,1394.199951,4388.3335,0.109,1.4818,0.1557,684.420044
634GRF001,6,39.26550198,-120.0268055,7/19/2005,1.206163548,1.147477569,1.264849527,14.2309418,5.747316,2140.98999,58472.69922,1399.099976,3340.2325,0.196,1.378066667,0.282833333,656.0100098
634HHCATC,6,38.85368262,-119.947937,10/4/2011,0.944991562,1.136019072,0.753964052,13.26323182,7.390679249,2334.52002,84046.5,1295.300049,4783.6333,0.110466667,1.417633333,0.122933333,595
634MEK001,1,39.01533059,-120.1573212,8/14/2002,0.962844368,0.963293633,0.962395104,12.46889136,13.537583,2041.819946,126521.3984,1198.699951,4541.2129,0.1147,1.3722,0.1707,789.1800537
634PS0035,2,38.87154117,-120.0993532,9/1/2010,1.078211683,1.063713392,1.092709974,10.98187102,18.92084,2097.590088,112870.3984,1267.900024,4910.2368,0.118,1.343,0.1756,938.4099121
634R10BMW,9,38.7796377,-119.9980634,9/29/2011,0.876592665,0.894337621,0.858847709,13.97220936,9.46812,2295.840088,103710,1236.099976,4834.9601,0.123266667,1.303066667,0.187333333,711.1599121
634R10GNL,8,39.02996227,-120.1603969,10/3/2011,0.716391427,0.676225634,0.75655722,13.21777089,13.19250581,1995.719971,90128.89844,1308.800049,4379.873467,0.108,1.4878,0.163833333,662
634R10UTR,2,38.77826055,-120.0293634,9/28/2011,1.272912546,1.260358794,1.285466298,16.3364843,29.60141,2220,121507.7031,1168.199951,4793.033067,0.124133333,1.269666667,0.1858,838
634SAX001,7,38.86080587,-119.9847693,8/22/2001,1.141515786,0.958602828,1.324428745,12.08068011,13.457294,1976.930054,61107.60156,1484.5,4569.6997,0.1217,1.3492,0.1654,925.0699463
634SAX003,6,38.87181611,-119.9828069,9/11/2007,0.973684089,1.033545712,0.913822466,10.9430446,19.994237,1927.390015,61107.60156,1484.5,4359.3735,0.1246,1.3678,0.158,974.6099854
634SAX004,6,38.86952333,-119.9810723,9/11/2007,1.191341529,1.221796867,1.160886191,12.05975238,3.846715,1929.51001,61107.60156,1484.5,4173.8501,0.122,1.3413,0.1688,813.4899902
634SAX005,6,39.8680118,-119.9576079,9/11/2007,1.214095404,1.307285742,1.120905067,10.70563454,20.111511,1486.920044,28765,1808.400024,3461.6499,0.1298,1.5929,0.1464,899.0799561
634TRT001,7,38.85699255,-119.9443614,8/23/2001,1.023139019,0.975672437,1.070605601,12.14266018,9.341389,2313.570068,69308.39844,1371.900024,4655.9702,0.1152,1.4143,0.1687,949.4299316
634UTR008,2,38.7937118,-120.0202984,9/21/2000,1.269765312,1.326559804,1.21297082,14.0151764,36.549714,1981.670044,103710,1236.099976,4726.6851,0.1277,1.2221,0.1984,1076.329956
634WRD001,7,39.13981535,-120.1910775,7/21/2006,1.065823979,1.028335579,1.10331238,12.68906273,20.980315,1987.430054,161234.4063,1296.300049,4588.3398,0.1351,1.297,0.2001,705.5699463
634WSN001,6,39.22204047,-120.1017828,7/20/2005,1.184357571,1.140212576,1.228502566,12.20998671,5.617937,2031.209961,66007.20313,1438.400024,4158.9112,0.215,1.339,0.283466667,592.7900391
635BRC001,7,39.38390927,-120.0208554,9/8/2005,0.937870376,0.799753188,1.075987563,12.08192403,39.599076,1631.189941,53437.39844,1539,4748.3613,0.1965,1.3721,0.2585,1595.810059
635CLS001,2,39.30027953,-120.2521883,9/1/2000,1.06024449,0.923115984,1.197372997,15.03290958,26.272623,1875.369995,112898.3984,1398.300049,4848.3525,0.1486,1.2789,0.1849,819.6300049
635GRY001,7,39.37332861,-120.0293459,9/7/2005,1.154967062,1.111404505,1.198529618,11.68097959,45.555957,1652.290039,53437.39844,1539,4401.0498,0.1972,1.3669,0.2401,1540.709961
635MAR003,6,39.27536517,-120.1720755,7/27/2004,1.119337328,1.220338336,1.018336319,13.74791387,17.564934,1853.75,75516.20313,1494.099976,4057.0518,0.215,1.339,0.2833,772.25
635POL001,7,39.23573299,-120.2331556,8/31/2000,1.192645869,1.226046296,1.159245442,13.80208144,6.04203,2044.030029,143999.7031,1281.900024,5492.4336,0.1528,1.1953,0.2247,587.9699707
635PRN001,2,39.38574829,-120.2523958,7/11/2001,1.062106899,0.948952561,1.175261238,16.16661844,32.686544,1889.869995,81716.10156,1420.300049,4814.4243,0.1537,1.3964,0.2122,871.1300049
635PS0038,2,39.38237649,-120.2262368,8/9/2010,1.0160885,0.910189495,1.121987506,15.15168387,58.637253,1832.709961,74471.20313,1502.599976,4584.8882,0.1611,1.4189,0.218,928.2900391
635SQN001,7,39.20374898,-120.2501294,7/9/2001,1.088255574,1.050863028,1.12564812,13.32565633,6.779104,2010.130005,139924.5,1246.400024,5560.3999,0.1362,1.4974,0.1748,732.8699951
636LCY001,2,39.46467416,-120.4265801,7/12/2001,1.167794052,1.104143536,1.231444567,12.99287068,12.567562,2082.370117,141713.0938,1269.199951,4638.0454,0.145,1.3297,0.2228,420.6298828
636LTR001,2,39.48479987,-120.3734233,8/31/2000,1.190419365,1.249580966,1.131257764,16.79546484,66.60929,1994.949951,111879.5,1339.900024,4831.1919,0.1489,1.3488,0.1829,786.0500488
636LTR002,2,39.49345792,-120.3464502,7/13/2001,0.996121272,1.01236973,0.979872815,7.14378427,82.413075,1974.689941,81761.89844,1398.699951,4812.9087,0.1536,1.3303,0.1848,809.3100586
636PRZ001,2,39.47595781,-120.3825208,7/12/2001,0.957610781,0.917550772,0.997670791,13.03035041,21.681783,2000.459961,131526.2031,1232.599976,4978.8843,0.1446,1.3292,0.202,780.5400391
636PS0070,8,39.49469726,-120.3337301,9/21/2011,0.708809823,0.692096606,0.72552304,17.91810775,85.24851293,1973,81761.89844,1398.699951,4618.328767,0.180166667,1.326833333,0.173,809
636SAG001,1,39.43728013,-120.229495,7/12/2001,1.026872596,1.052143422,1.001601771,15.97441265,31.319782,1911.969971,79624.89844,1383.5,3979.3667,0.2081,1.3011,0.1912,738.0300293
637CE0511,2,40.56708241,-121.1093011,8/10/2004,1.029837851,1.018661728,1.041013973,12.48782469,59.011997,1772.430054,61925.19922,1440.099976,4618.4893,0.2229,1.2407,0.2806,659.5699463
719FCA001,10,33.76056054,-116.549231,6/24/2008,1.091254053,1.03258615,1.149921955,11.30511505,22.511848,252,13145.5,2910.300049,2859.0903,0.1298,1.5517,0.1533,2316
719WE0864,10,33.76066574,-116.549863,5/8/2001,0.958117623,0.92932396,0.986911287,11.14588529,22.511848,256.6000061,13145.5,2910.300049,2859.0903,0.1298,1.5517,0.1533,2311.399994
801CCWFAC,11,34.18951448,-117.1818622,5/20/2004,0.550647174,0.466315276,0.634979072,6.299420213,11.36804919,775.9899902,60802.30078,2039.300049,1205.748867,0.179566667,1.591866667,0.164033333,1004
801CE0152,8,34.18869908,-117.1818586,7/20/2005,0.891081842,1.087621773,0.69454191,4.31939377,11.226835,767.5599976,60802.30078,2039.300049,1172.3733,0.1787,1.5941,0.161,1012.440002
801WE0787,6,34.14540971,-116.8791779,6/27/2001,1.089826005,1.153594694,1.026057316,9.746044241,2.891765,2428.01001,74565.70313,1446.199951,5573.6665,0.094,1.536,0.1224,819.9899902
801WE1008,2,34.18097468,-116.9124942,6/6/2002,1.184298363,1.330783142,1.037813584,8.672077665,15.849259,1668.77002,54338.69922,1805.400024,4438.4355,0.1252,1.5616,0.1236,1582.22998
801WE1132,6,34.13378343,-116.8431432,3/26/2009,1.148163962,1.031702853,1.26462507,8.698230217,11.41813,2446.699951,66172.5,1461,4764.7192,0.094,1.536,0.1373,1032.300049
802FMCAIP,6,33.80700075,-116.74394,6/14/2005,0.846125238,1.030869263,0.661381212,7.559936548,8.482204439,1743.300049,49229.60156,2121.699951,4783.945933,0.142,1.678066667,0.1621,907
802WE0658,10,33.79828795,-116.7492155,5/9/2001,0.936273857,0.919911649,0.952636064,7.348031701,11.425944,1571.339966,49229.60156,2121.699951,4799.0664,0.1413,1.6763,0.1621,1081.660034
802WE0794,8,33.72931676,-116.674799,5/10/2001,1.081405774,1.214497894,0.948313654,8.436027433,7.610352,1640.199951,60381,1914.400024,4447.4072,0.1253,1.5374,0.16,1049.800049
901CSCADC,8,33.49388103,-117.430283,5/26/2011,1.050200761,1.146067484,0.954334039,6.287106775,3.337499864,496.0400085,35294.19922,2399.699951,599.3,0.282333333,1.570433333,0.2004,381
901DCCSMC,8,33.47362209,-117.4655951,5/16/2011,1.275247096,1.277680569,1.272813623,7.07094883,41.64936365,134.9199982,33284.39844,2418.600098,589.296,0.2864,1.571433333,0.1999,811
901S01849,8,33.55523906,-117.3977969,6/1/2010,1.151291979,1.073413969,1.229169989,6.508456985,18.215661,434.4200134,33980.69922,2459.5,945.1066,0.238,1.5916,0.1756,639.5799866
901S02873,8,33.54344001,-117.3973932,6/1/2010,1.236699166,1.24029568,1.233102653,6.487699932,89.293441,372.1600037,33980.69922,2459.5,732.0794,0.2489,1.5906,0.1677,708.8399963
901SCCA74,8,33.61853643,-117.5098416,6/8/2010,1.101917864,1.280739826,0.923095903,6.499866352,19.580345,314.2099915,35494.19922,2472.800049,1045.1934,0.2908,1.5676,0.1299,1057.790009
903SLFRCx,8,33.34178027,-116.8774618,5/22/2001,1.127907042,1.045120508,1.210693576,7.433755473,1.283426,1471.319946,63262.19922,2126.899902,3351.7,0.224,1.487,0.1595,261.6800537
903WE0798,8,33.33686513,-116.8293442,5/17/2001,0.904777171,0.804086562,1.00546778,6.961933678,25.611754,1273.72998,59941.89844,2161.300049,3146.4409,0.2038,1.5305,0.158,534.2700195
905CE0512,8,33.11107103,-116.7431147,4/20/2004,1.076698742,0.895175605,1.25822188,6.358179049,102.520144,677.6699829,43912.60156,2432.100098,2511.9265,0.2224,1.5015,0.1391,1046.330017
905S02561,9,33.12974258,-116.6359163,5/25/2011,1.270228371,1.439698788,1.100757954,6.359254528,17.09310331,1086.829956,55264.10156,2151.300049,3004.7009,0.224,1.487,0.136133333,608
905WE0679,8,33.13162498,-116.6551708,4/24/2002,0.788305154,0.937507657,0.639102651,6.25877548,29.186731,976.9899902,49484.5,2286.899902,2956.531,0.2238,1.488,0.137,744.0100098
907S03210,8,33.00312855,-116.7291857,5/18/2011,0.989849401,0.926199889,1.053498913,6.644525127,100.8078169,316.3500061,36145.80078,2532.899902,1777.994267,0.216633333,1.528833333,0.137033333,1152
911KCKCRX,8,32.78740357,-116.4509978,5/19/2001,1.125978736,0.976058396,1.275899077,7.053849446,6.889500018,1304.619995,53131.69922,2036.900024,3943.3,0.176,1.589,0.1621,480
911S00858,8,32.90282372,-116.493371,5/31/2010,1.071750352,0.862274298,1.281226406,7.0245196,8.97999,1495.420044,58204.89844,2009.800049,3749.2888,0.2174,1.5002,0.1417,277.5799561
911S01142,8,32.73547774,-116.6526831,5/24/2011,0.937273678,1.022276693,0.852270662,7.040017056,203.1264466,579.6199951,37537.5,2467.300049,2148.345533,0.1843,1.577266667,0.161766667,1326
911TJIND2,8,32.89738775,-116.5043406,6/5/2007,0.87466397,0.828980094,0.920347845,6.519274244,10.922474,1425.130005,58204.89844,2009.800049,3703.9392,0.218,1.4986,0.1427,352.8699951
911TJWIL3,9,32.69398597,-116.6957022,5/6/2008,1.038247635,0.858465629,1.218029642,6.567984658,21.092229,544.2999878,36831.60156,2490.600098,1361.574833,0.2352,1.589266667,0.1764,611.7000122
CAT08722-017,7,38.75327624,-120.0282365,8/5/2009,0.754560916,0.707039225,0.802082608,13.71429811,11.756269,2393.350098,117154.8984,1147.199951,4581.1196,0.1366,1.0994,0.2226,664.6499023
CAT08722-024,6,39.25791883,-120.0126331,7/29/2009,1.069545967,1.008134982,1.130956952,15.0315182,1.551624,2133,52131.69922,1358.199951,2968.3667,0.196,1.378,0.2533,607
CAT08722-025,9,38.87548027,-120.0834864,8/18/2009,0.771611523,0.738759404,0.804463643,16.15983533,24.928085,2002.060059,112870.3984,1267.900024,4825.3901,0.117,1.3531,0.1802,1033.939941
CAT08722-036,6,39.06611231,-119.9342582,7/27/2009,1.091982778,1.128894295,1.055071261,15.16485245,3.970833,2046.439941,52293.89844,1339.199951,3812.8,0.1212,1.5804,0.1497,641.5600586
CAT08722-039,7,39.08895429,-120.1657312,8/13/2009,1.04767914,0.994625101,1.100733179,12.71879531,5.133554,1936.369995,83632.29688,1367.400024,4105.1665,0.164,1.0063,0.1472,717.6300049
CAT08722-047,6,39.13958936,-119.9235974,7/20/2009,0.676059511,0.700829236,0.651289786,12.28331869,8.204008,2097.590088,62994.5,1286.199951,3329.4583,0.113,1.5881,0.1522,703.4099121
CAT08722-049,2,38.78029505,-120.0285593,9/2/2009,0.801650797,0.622006108,0.981295487,16.30497664,30.155758,2213.870117,121507.7031,1168.199951,4693.0557,0.1291,1.2015,0.2037,844.1298828
CAT08722-054,7,38.89909303,-119.9040375,8/21/2009,0.910061674,0.963587297,0.856536052,14.00991817,15.410348,2365.889893,71966.5,1216.199951,4621.1045,0.1158,1.4584,0.1598,947.1101074
CAT08722-055,1,39.00570809,-120.1651446,8/25/2009,1.254320321,1.26815166,1.240488982,14.51040699,9.309096,2130.310059,126521.3984,1198.699951,4533.7466,0.1165,1.35,0.1708,700.6899414
CAT08722-056,6,39.27978207,-119.9127368,7/28/2009,1.167252873,1.162932895,1.171572851,13.65685453,0.855961,2448.879883,119628.7031,1105.599976,3981.8667,0.1459,1.549,0.1528,285.1201172
CAT08722-228,6,39.07307177,-119.9200509,8/10/2010,0.970328894,0.956629931,0.984027857,15.24347089,1.77558,2193.459961,52293.89844,1339.199951,3812.8,0.113,1.588,0.1528,468.5400391
JonLee6,1,41.32697454,-124.023873,9/13/2010,1.054469009,1.120288596,0.988649421,18.20665608,9.386485,31.82999992,144543.2031,1595.599976,6313.7529,0.211,1.3651,0.1154,659.1700001
PC1,10,34.41189317,-118.9009827,8/12/2010,1.016981913,0.849357531,1.184606294,11.81827251,19.955638,196.0200043,44010.69922,2464.800049,318.5796,0.3066,1.5633,0.1105,1179.979996
PC4,10,34.42310857,-118.8848637,8/16/2010,1.054210995,1.130824791,0.977597198,12.27499427,11.9907,298.7000122,47149.80078,2481.899902,340.7767,0.3025,1.5647,0.1105,1077.299988
PC5,10,34.42767307,-118.8847086,8/13/2010,1.130450995,1.010466278,1.250435712,12.79553986,10.8819,320.0499878,47149.80078,2481.899902,347.3222,0.3,1.565,0.1105,1055.950012
PC6,10,34.43046892,-118.8867539,8/12/2010,1.105978023,0.991571246,1.220384799,12.29120521,10.2771,346.4100037,47149.80078,2481.899902,347.3222,0.2982,1.5652,0.1105,1029.589996
PC7,10,34.4327607,-118.8910331,8/12/2010,1.096179327,1.042362389,1.149996265,12.17395258,9.8271,407.019989,47149.80078,2481.899902,355.5042,0.2976,1.5653,0.1105,968.980011
R5BIO-014,7,38.64733915,-119.9989484,8/16/2001,0.977102039,1.046709781,0.907494296,13.22322361,12.001127,2269.280029,113162.6016,1079.400024,4513.4785,0.1133,1.3029,0.1996,882.7199707
R5BIO-015,7,38.7784003,-119.997197,7/12/2001,0.793221607,0.888004834,0.698438381,11.45412425,8.82147,2297.649902,103710,1236.099976,4795.0444,0.1253,1.2863,0.1972,709.3500977
R5BIO-022,7,39.01894738,-120.153041,7/24/2001,1.042116768,1.132871668,0.951361867,16.81799592,14.187543,2036.01001,126521.3984,1198.699951,4506.874,0.1142,1.3765,0.1707,794.9899902
R5BIO-024,7,38.72996701,-120.0177647,7/25/2001,0.8880305,1.044760384,0.731300616,13.67426716,6.298261644,2542.51001,111542.1016,1154.599976,4543.993633,0.141,1.041166667,0.2444,515
R5BIO-027,7,38.85406534,-119.9482172,7/30/2001,0.967334731,1.171994791,0.762674672,13.11175049,7.238457,2324.97998,84046.5,1295.300049,4783.6333,0.1147,1.3765,0.1337,603.0200195
R5BIO-029,7,39.14052517,-120.1970268,7/31/2001,0.707202417,0.78571519,0.628689645,12.72487953,18.57653666,2000.23999,161234.4063,1296.300049,4471.969567,0.137633333,1.256866667,0.1968,693
R5BIO-033,5,38.14916501,-120.1223999,8/29/2001,0.91533553,0.870512257,0.960158804,13.53942696,144.8124768,1337.089966,102148.2969,1761.5,3461.144867,0.1667,1.198766667,0.220833333,1672
R5BIO-035,1,41.09204922,-122.1126819,9/11/2001,1.037886317,1.109654531,0.966118104,20.70140278,8.574628,653.0300293,172525.0938,2043.199951,5279.5625,0.172,1.287,0.1489,947.9699707
R5BIO-038,7,38.4161343,-119.7399543,8/22/2001,0.974600157,1.045307644,0.90389267,14.38223855,61.4315,2002.369995,111611,1252.199951,5652.1685,0.1261,1.289,0.2184,1417.630005
R5BIO-042,10,41.9159344,-120.887592,6/26/2001,0.668536768,0.799425135,0.537648401,14.87961276,229.8605614,1455.410034,36868.39844,1513.400024,4490.392567,0.191933333,1.376,0.268466667,479
R5BIO-047,8,41.44264631,-121.0153884,6/27/2001,0.762690968,0.915446852,0.609935084,14.75566866,34.739107,1352.97998,43125.69922,1678.400024,4134.8989,0.182,1.4529,0.2802,246.0200195
R5BIO-048,6,41.36145387,-120.2821169,6/28/2001,0.99658012,1.163885225,0.829275015,12.05872578,12.13775053,2058,57655.80078,1318,7158.755533,0.1569,1.4216,0.240566667,889
R5BIO-049,3,41.09566689,-122.1359859,8/4/2010,1.144150714,1.200380857,1.087920572,18.38369502,4.209147,590.5200195,172525.0938,2043.199951,4642.4199,0.1718,1.2871,0.2114,832.4799805
R5BIO-053,1,39.13877156,-120.4756121,9/7/2010,1.227320603,1.182394621,1.272246585,13.36218953,24.161079,1632.890015,148147,1478,4281.2959,0.1547,1.1351,0.2087,631.1099854
R5BIO-108,7,39.72102787,-120.6394208,6/28/2000,0.998476955,1.063986237,0.932967673,13.93403048,23.515637,1671.76001,147452.7031,1629.699951,4209.5957,0.141,1.184,0.1745,594.2399902
R5BIO-109,7,39.73210882,-120.7249355,6/29/2000,0.976732865,0.942261918,1.011203812,13.84488452,5.232884,1699.069946,139234.0938,1644.900024,4541.1665,0.1523,1.0244,0.1315,531.9300537
R5BIO-111,6,40.21188667,-121.2724044,7/5/2000,0.702136836,0.782497616,0.621776056,14.47466482,34.60583025,1433.680054,93364.5,1613.099976,3963.038667,0.186133333,1.388966667,0.2837,925
R5BIO-112,5,40.38537866,-121.340849,7/5/2000,0.94538793,0.926531773,0.964244087,8.296654451,14.058208,1629.459961,92783.70313,1495.699951,5638,0.1372,1.1145,0.2832,625.5400391
R5BIO-116,1,40.20222187,-121.5090257,8/24/2010,0.99884899,0.954146121,1.04355186,18.20704915,16.101048,1140.619995,126688.6016,1678.599976,4788.7407,0.1593,1.0772,0.2559,933.3800049
R5BIO-117,6,41.15743124,-120.2622529,7/11/2000,0.796419244,0.73872419,0.854114298,15.22044536,1.805837,1969.060059,60080.80078,1295.699951,5947.4331,0.1483,1.2136,0.2769,263.9399414
R5BIO-118,6,41.30003671,-120.8612791,7/11/2000,1.056798783,1.100337935,1.013259631,11.84296663,18.30933878,1511.72998,47239.80078,1522.5,5623.985167,0.1517,1.314633333,0.2557,633
R5BIO-127,2,39.58466265,-120.810289,7/24/2000,0.921001176,1.000901263,0.841101089,16.64484827,62.537361,968.5200195,155604.0938,1845.699951,4112.7861,0.161,1.3623,0.135,1330.47998
R5BIO-131,7,39.06366327,-120.2683467,7/26/2000,0.801992449,0.686335206,0.917649692,13.07688555,2.302614,2140.27002,164333.0938,1265.199951,4645.8335,0.1423,1.4007,0.2119,322.7299805
R5BIO-132,2,39.38095934,-120.2383368,7/26/2000,0.992082694,1.089280539,0.894884849,16.76193313,56.59475736,1859.23999,81716.10156,1420.300049,4198.8824,0.164966667,1.451766667,0.235366667,896
R5BIO-150,1,38.51109304,-120.3374329,8/18/2000,1.15992233,1.280449865,1.039394795,16.35567167,9.945747,1353.359985,114661.7969,1874.099976,3764.4102,0.1648,1.0625,0.1965,662.6400147
R5BIO-155,10,40.11766094,-120.4740452,9/6/2000,0.623139306,0.730352921,0.515925691,13.56784537,234.951078,1685.72998,38031.69922,1638.699951,3568.4919,0.1555,1.538,0.2283,663.2700195
R5BIO-157,4,39.37761871,-122.6532221,9/18/2008,1.0560797,1.098521984,1.013637417,12.82509879,81.834919,468.0499878,67743.79688,2029.699951,2093.2637,0.1349,1.4716,0.2274,1675.950012
R5BIO-162,6,40.18694974,-121.3068337,9/19/2000,1.09435306,1.226606103,0.962100016,14.55150169,47.4423181,1469.719971,94258.29688,1633,4473.740967,0.143866667,1.1287,0.280766667,893
R5BIO-201,6,37.42500022,-119.5962201,10/8/2009,0.956727438,1.058416443,0.855038434,16.37353299,3.397507,1535.579956,100153.7969,1756,2038.5667,0.2044,1.4907,0.1473,614.420044
R5BIO-204,7,37.52424451,-119.4645009,6/29/2000,1.019429586,0.981044613,1.057814559,12.28948864,10.130113,2353.48999,118477.8984,1288.099976,1420.9867,0.127,1.4666,0.1827,431.5100098
R5BIO-206,1,37.68936741,-119.7050909,7/6/2000,0.983668636,0.966123061,1.001214211,15.98059619,13.216943,1520.48999,92163.60156,1715.199951,1205.8,0.184,1.647,0.1706,837.5100098
R5BIO-212,5,36.14557602,-118.4917868,7/20/2000,1.123663073,1.047930329,1.199395817,14.17380297,17.57405136,1705.329956,70106.29688,1675.099976,1645.9389,0.222,1.502466667,0.1706,887
R5BIO-215,9,35.48086346,-118.6802004,6/10/2008,0.883769658,0.769601992,0.997937325,11.02273632,20.072174,946.8699951,44351.30078,2091.199951,1078.7833,0.229,1.541,0.1706,1346.130005
R5BIO-221,2,37.41317728,-118.9079622,9/29/2010,1.184817084,1.32561083,1.044023339,11.49399592,109.334938,2469.590088,100004,1030.099976,2701.7891,0.1022,1.4029,0.1721,1701.409912
R5BIO-225,5,36.3498534,-118.7507626,8/15/2000,0.964864231,1.211747071,0.717981391,15.32073135,78.251394,1254.48999,86793.29688,1655.199951,1708.3,0.1446,1.5305,0.1673,2217.51001
R5BIO-227,7,36.61141529,-118.6998413,8/16/2000,0.858633577,0.896128612,0.821138542,14.61385549,22.276744,2180.26001,98502.89844,1087.400024,2784.7139,0.1027,1.4043,0.1706,1311.73999
R5BIO-230,2,37.88272443,-119.7946137,8/23/2000,1.059170864,1.042733165,1.075608563,13.01588746,91.623363,1775.199951,110471,1629.800049,2600.9089,0.1267,1.4549,0.1565,1170.800049
R5BIO-231,5,37.53798272,-119.6168397,8/29/2000,0.902510058,0.803890069,1.001130047,13.9841972,180.7487361,1291.530029,97416.89844,1701.400024,1458.204933,0.158966667,1.5176,0.167333333,2250
R5BIO-232,2,37.75931535,-119.5289737,7/16/2008,0.927200456,0.822187216,1.032213697,14.5318746,69.992932,1364.810059,95938.70313,1673.5,3174.7014,0.102,1.405,0.1663,1916.189941
R5BIO-233,2,37.80705579,-119.8534456,8/30/2000,1.094198767,1.086230962,1.102166573,13.60955809,109.839899,1322.48999,96387.29688,1714,1748.9982,0.1794,1.4589,0.1647,1269.51001
R5BIO-240,6,37.73974293,-119.0499841,8/25/2010,0.711015867,0.762235008,0.659796726,13.64056481,6.984463,2692.189941,71140.79688,1266.199951,3268.1611,0.1407,1.0406,0.427,489.8100586
R5BIO-248,5,35.97744185,-118.4857809,7/21/2000,0.888866377,1.007314539,0.770418215,9.085974169,2029.104642,1166.310059,55339.60156,2002.199951,1548.7648,0.1449,1.4255,0.1665,3243.689941
R5BIO-302,11,34.20161233,-117.2285196,5/2/2007,0.992561605,1.223261181,0.761862029,6.562868095,4.58137,886.4099731,56107.69922,2154.699951,1207.8417,0.1803,1.5901,0.1605,987.5900269
R5BIO-304,6,34.16404977,-116.8330076,6/21/2000,1.017983568,1.050971052,0.984996084,8.121859703,17.966105,1973.540039,45506.19922,1681.300049,4625.2871,0.103,1.5436,0.1324,1505.459961
R5BIO-308,11,34.18395889,-117.6269622,6/13/2005,0.861830835,0.991332364,0.732329307,6.827529575,17.274223,865.210022,61378.5,2355,993.3666,0.1397,1.5629,0.1507,1815.789978
R5BIO-309,8,33.68274449,-117.5016991,6/14/2000,0.892396666,1.052804109,0.731989224,6.830701647,12.303522,614.9199829,45221.39844,2454.5,1728.0333,0.2788,1.5732,0.1257,775.0800171
R5BIO-311,11,34.24961498,-117.5179965,6/14/2005,0.841683549,0.969545324,0.713821775,7.004549561,26.4064,1037.079956,71418.79688,2184.800049,1227.0757,0.1249,1.5539,0.1577,1691.920044
R5BIO-315,10,34.26557823,-117.7475447,5/28/2008,1.205659683,1.078618618,1.332700748,6.753203985,133.578151,732.8400269,68084.29688,2183,1430.7441,0.1059,1.5191,0.1624,2331.159973
R5BIO-319,10,34.25156861,-117.8835433,5/28/2008,1.075047561,1.092427905,1.057667217,10.40024671,69.4686,548.6900024,63236.60156,2287.800049,1204.7738,0.1252,1.4923,0.1712,1959.309998
R5BIO-320,8,34.53901008,-119.1611891,6/15/2010,0.996857134,0.871646256,1.122068013,7.12969259,22.956326,1015.280029,64342.89844,2019.599976,460.9694,0.2361,1.5312,0.125,932.7199707
R5BIO-321,4,34.67439327,-119.2975368,6/16/2010,1.243809651,1.174064503,1.313554798,7.612929448,10.4093,1269.939941,44628.19922,1971,641.1545,0.2433,1.5359,0.1319,1004.060059
R5BIO-323,10,34.5175101,-119.3791833,8/9/2000,1.178540835,1.291495366,1.065586303,12.19985651,31.611488,529.8200073,69390.29688,2270.5,409.0235,0.2554,1.5359,0.1319,1213.179993
R5BIO-326,3,36.21301111,-121.5350733,6/22/2010,1.261076008,1.24088785,1.281264165,11.70718765,8.443632,390.9100037,70643.89844,2142.899902,606.8833,0.174,1.602,0.1597,836.0899963
R5BIO-327,10,34.74644254,-119.70575,8/23/2000,1.061803531,1.0728687,1.050738361,9.517117082,72.248053,961.4000244,63030.19922,2156.899902,356.3977,0.2689,1.541,0.1227,1120.599976
R5BIO-417,5,40.21081729,-120.6345839,7/27/2000,0.74890452,0.799685147,0.698123893,11.45928405,52.104093,1573.640015,52096.5,1618.199951,2622.5647,0.1333,1.4849,0.1592,776.3599854
R5BIO-430,3,40.63805326,-123.3220037,10/1/2008,1.199752665,1.29430262,1.10520271,17.19141641,33.450451,583.7700195,101840.2969,2062.5,3645.7227,0.1788,1.4922,0.1248,1199.22998
R5BIO-6484,8,32.76157981,-116.4514524,5/19/2001,0.792429633,1.016128973,0.568730294,7.033210722,34.19058,1195.939941,44356.80078,2226.899902,3970.0779,0.1785,1.5839,0.1601,743.0600586
R5BIO-6498,10,33.38820309,-117.3255485,6/6/2001,0.951686792,1.134703942,0.768669643,6.504744975,18.808564,81.11000061,29310.30078,2373,569.2467,0.237,1.592,0.1813,877.8899994
R5BIO-6514,10,33.00107907,-116.7097707,8/24/2010,0.713637154,0.755974249,0.671300059,5.95858729,54.747667,521.6799927,38594.60156,2477.5,2700.7061,0.2216,1.5004,0.1599,1302.320007
R5BIO-6516,11,33.12631878,-116.8049529,4/21/2009,0.864905977,1.088599885,0.64121207,7.797732193,42.447137,514.5900269,40314.39844,2497.199951,2197.4119,0.2253,1.5009,0.1736,871.4099731
R5BIO-6528,10,33.35116829,-116.9131115,5/22/2001,0.816588817,0.849660222,0.783517413,6.381479102,7.234276,1373.780029,57021.39844,2225.699951,3351.1143,0.2212,1.4911,0.1438,351.2199707
SA-C-06-035,11,34.07771232,-116.8766197,6/22/2006,0.920858103,1.058765157,0.782951048,6.386095293,6.320504,1976.170044,62987.30078,1632.900024,3874.311,0.094,1.536,0.1333,1436.829956
SEDTMDL_1,2,38.40735543,-119.7993421,8/31/2010,1.014849,0.856426135,1.173271864,13.63707807,38.437664,1879.540039,111048,1267.900024,5048.4585,0.1626,1.2798,0.1995,1140.459961
SEDTMDL_10,1,37.4111117,-119.5952149,8/14/2006,1.205970489,1.110137278,1.301803699,17.66779431,15.391065,1415.109985,100153.7969,1756,2103.8896,0.2001,1.4907,0.1619,769.8900147
SEDTMDL_103,1,38.81353832,-120.2575245,7/12/2007,1.214485819,1.240641357,1.188330281,12.62275332,17.933333,2017.569946,115590.3984,1479,4814.1616,0.1214,1.4851,0.148,1010.430054
SEDTMDL_106,7,37.64226733,-119.0827001,7/3/2007,1.219575876,1.072424653,1.366727099,12.43847438,85.187832,2317.540039,63717.19922,1302.5,3413.4746,0.1369,1.0797,0.2156,1678.459961
SEDTMDL_107,7,38.40328038,-119.7955075,8/18/2006,1.150641237,1.202282338,1.099000136,15.46860591,103.313207,1879.390015,111048,1267.900024,5523.7197,0.1427,1.3144,0.2164,1540.609985
SEDTMDL_108,4,37.86877335,-119.9041865,8/15/2006,0.912926516,0.896463984,0.929389048,17.21561066,145.155917,1205.780029,90801.70313,2003.699951,2622.8459,0.1423,1.4662,0.1539,1740.219971
SEDTMDL_114,1,37.39678749,-119.5654995,6/18/2007,1.040208141,0.92276789,1.157648393,15.54876256,44.181067,1585.069946,100153.7969,1756,1996.9452,0.1695,1.4663,0.1725,1206.930054
SEDTMDL_14,2,36.00815097,-118.5059527,6/4/2007,1.097983132,1.253014409,0.942951855,10.60499531,33.565749,1359.800049,50374.30078,2088.300049,1336.3755,0.2058,1.469,0.1564,1437.199951
SEDTMDL_16,9,36.13487062,-118.4728818,6/6/2007,0.811228652,0.722104708,0.900352596,13.32811174,47.552553,1687.130005,56037.30078,1989.900024,1579.1219,0.2085,1.4078,0.1701,905.8699951
SEDTMDL_19,4,36.05549985,-118.1317604,6/7/2007,1.097661278,1.108603272,1.086719284,11.96261095,523.005834,1866.02002,27522,1691.300049,1467.512,0.1211,1.4432,0.1685,1823.97998
SEDTMDL_20,1,36.75293395,-118.8167064,7/8/2008,1.217256995,1.22074636,1.21376763,14.82985668,10.470503,1940.02002,101755.3984,1356.900024,2837.5,0.1551,1.4272,0.1706,630.9799805
SEDTMDL_21,6,40.34786078,-121.5917501,9/17/2008,1.268825214,1.156719904,1.380930524,14.48298785,16.991765,1501.530029,124866.2969,1554.599976,6507.8457,0.1772,1.1714,0.2402,942.4699707
SEDTMDL_25,1,35.99761016,-118.5355973,6/4/2007,1.187525066,1.170203006,1.204847127,10.78975059,42.023758,1410,56380.30078,1895,1333.2439,0.1997,1.4833,0.1704,1255
SEDTMDL_26,1,36.06754475,-118.4911458,6/5/2007,1.230898903,1.197262237,1.264535568,13.44367088,34.428782,1599.839966,67393.60156,1747.800049,1534.2828,0.1948,1.5716,0.162,1229.160034
SEDTMDL_27,1,35.9006252,-118.3695008,8/24/2011,1.142948454,1.112212625,1.173684283,8.520178846,30.076644,2241.399902,63846.19922,1266.199951,1594.4089,0.1424,1.3952,0.1612,788.6000977
SEDTMDL_28,9,35.96904448,-118.5210689,6/5/2007,0.897685138,0.8981021,0.897268176,13.37392802,51.857669,1405.869995,58391.5,1879.900024,1301.334,0.2037,1.4794,0.1706,1010.130005
SEDTMDL_29,9,36.75796259,-118.8954995,6/21/2007,0.897428628,0.791902917,1.002954339,16.94992417,19.168773,1756.849976,101176.7031,1408.699951,2650.1699,0.1906,1.5076,0.1706,822.1500244
SEDTMDL_3,8,37.24243778,-118.9465541,8/30/2011,0.92892372,1.083319494,0.774527947,11.61998096,30.626555,2246.550049,90783.89844,1242.599976,2772.2256,0.1057,1.5502,0.1383,1064.449951
SEDTMDL_31,7,39.10839976,-120.1889879,7/20/2006,0.904859835,0.860793252,0.948926418,12.64586987,23.330408,1936.5,161234.4063,1296.300049,4569.8154,0.162,1.0201,0.1834,735.5
SEDTMDL_32,7,38.56653968,-119.6270868,6/29/2007,1.110416768,1.035567182,1.185266354,16.87384438,126.423097,1954.73999,57525.69922,1353.900024,4961.207,0.1171,1.3663,0.1978,1525.26001
SEDTMDL_33,7,39.04347,-120.1477479,7/19/2006,1.131448183,1.043661187,1.219235179,8.201863083,16.237101,1964.099976,90128.89844,1308.800049,4388.3335,0.1091,1.4815,0.1562,679.9000244
SEDTMDL_34,4,38.13438453,-119.2353239,7/2/2007,1.000526338,0.963658679,1.037393997,12.53140083,46.231775,2380.929932,54795.60156,1327.800049,4592.5283,0.1305,1.1961,0.149,1390.070068
SEDTMDL_36,2,39.48765098,-120.3678075,6/29/2007,0.996136591,0.846687067,1.145586116,17.45831214,68.250273,1986.52002,111879.5,1339.900024,4829.9043,0.1486,1.3537,0.181,794.4799805
SEDTMDL_38,7,38.32829536,-119.4494959,7/1/2007,1.228125072,1.269293666,1.186956479,13.47985396,98.607958,2154.100098,52288.60156,1404.400024,5698.8877,0.1313,1.2984,0.1892,1370.899902
SEDTMDL_5,2,37.2410335,-119.2436192,8/8/2006,1.088273088,1.117071938,1.059474238,13.21410139,15.926136,2202.780029,110693.7969,1391.5,2880.7292,0.131,1.5625,0.1701,734.2199707
SEDTMDL_52,7,38.31275402,-119.5482306,9/14/2006,1.082966445,1.088853908,1.077078982,12.99811827,142.811469,2175.48999,58129.69922,1370.099976,5632.959,0.1156,1.2789,0.1915,1793.51001
SEDTMDL_54,7,37.75387057,-118.9653414,9/13/2006,1.019785587,1.027327684,1.01224349,10.8669506,90.454892,2245.530029,46893.69922,1530,2903.5996,0.1402,1.2586,0.2411,1279.469971
SEDTMDL_6,1,37.90501576,-119.9966407,8/16/2006,1.163075534,1.071925186,1.254225881,19.13530918,47.65671,1053.410034,102557.2031,1999.699951,2494.2754,0.2043,1.3406,0.1776,1051.589966
SEDTMDL_62,4,36.00338972,-121.3914057,5/19/2007,0.836071691,0.886813494,0.785329887,7.640101443,22.368368,481.5799866,63692.30078,2294.300049,539.1894,0.1833,1.6011,0.1301,659.4200134
SEDTMDL_77,2,41.62399958,-122.0643658,9/16/2008,1.009292674,0.889068298,1.12951705,15.93601443,137.135413,1475.199951,55259.69922,1515.300049,5806.311,0.1251,1.2132,0.2213,1119.800049
SEDTMDL_78,1,39.15233858,-120.4006295,7/11/2007,0.918437612,0.858174493,0.978700731,15.32644201,73.737345,1640.050049,146738.2031,1418.400024,4826.3296,0.1433,1.356,0.1905,1104.949951
SEDTMDL_84,4,41.83256737,-120.3000025,8/7/2007,1.002775436,0.935532847,1.070018025,11.21476435,44.094139,1618.130005,43610.10156,1467.400024,5169.1113,0.1701,1.3384,0.2838,750.8699951
SEDTMDL_86,1,39.8063146,-121.0426623,7/18/2007,1.016546061,0.989258998,1.043833123,20.11815829,50.177086,918.3200073,169866.9063,1827.900024,4036.3872,0.1529,1.1711,0.1693,1342.679993
SEDTMDL_89,2,39.85235124,-120.7263527,8/13/2008,1.011278075,0.990636626,1.031919524,18.41228851,27.630839,1260.26001,97637,1715.900024,3643.7563,0.1424,1.2997,0.1838,867.7399902
SEDTMDL_9,2,37.46040568,-119.4163099,7/9/2008,0.950499942,0.968029227,0.932970657,15.00583099,13.0101,2008.319946,107219.3984,1500.699951,1631.6213,0.1699,1.6294,0.1706,630.6800537
SEDTMDL_91,2,39.71175216,-120.5342662,7/19/2007,0.996761776,0.896490354,1.097033197,10.93859332,35.251222,1399.800049,58053.89844,1741.599976,3291.1973,0.1551,1.3321,0.1965,964.1999512
SGUR003,11,34.27283483,-117.8896685,6/14/2005,0.668176581,0.780673389,0.555679773,8.997988125,46.858984,665.7199707,71625.70313,2112,1272.4716,0.1254,1.4924,0.1707,1842.280029
SGUR00428,10,34.24597199,-118.0486816,8/3/2011,0.996146919,0.897689373,1.094604465,6.395004059,25.653229,930.2800293,70188.70313,2109.899902,934.859,0.2177,1.5822,0.1497,934.7199707
SGUR006,11,34.25081661,-117.8226547,6/16/2005,0.655574296,0.796677076,0.514471516,7.774968821,2.873639,608.9099731,64715.69922,2287.699951,943.9667,0.125,1.492,0.1706,871.0900269
SGUR010,8,34.19269141,-117.8651493,6/18/2010,0.811964809,0.705594031,0.918335587,6.533559282,2.782578,363.5700073,66598.79688,2355.800049,1013.9667,0.26,1.559,0.1274,722.4299927
SGUR103,9,34.24276754,-118.0497193,8/3/2011,1.182188991,1.323722613,1.04065537,6.726530416,1.222984,999.5999756,70188.70313,2109.899902,997.3333,0.26,1.559,0.1706,736.4000244
SMC00271,10,34.54893177,-119.1656226,6/4/2009,1.108269201,1.141322244,1.075216157,6.510318839,24.927479,972.789978,64342.89844,2019.599976,456.8692,0.2343,1.5308,0.1254,975.210022
SMC00469,8,33.52987943,-117.4090544,5/13/2009,0.782205995,0.639492315,0.924919674,6.487049818,99.187836,340.1499939,33980.69922,2459.5,722.923,0.2524,1.5885,0.1665,740.8500061
SMC00538,8,32.78101413,-116.6330177,5/5/2009,0.985655217,0.884257498,1.087052936,6.439428818,157.519189,705.460022,40754,2393.5,3251.47,0.1997,1.5473,0.1572,1200.539978
SMC00960,8,34.59076021,-118.4617574,6/2/2010,0.789209616,0.654814341,0.923604892,6.496284345,7.44546,663.5599976,43266.89844,2391.199951,629.2524,0.1924,1.6205,0.1281,681.4400024
SMC01196,8,34.27837802,-118.0296019,7/14/2010,0.655296245,0.573119252,0.737473239,9.491869845,6.128291,1288.150024,70769.60156,1985.5,999.7333,0.1308,1.5115,0.1742,497.8499756
SMC01424,10,34.24011836,-117.8161687,7/1/2009,0.933917944,0.912270934,0.955564954,6.279008013,5.738772,486.7200012,64715.69922,2287.699951,943.9667,0.125,1.492,0.1636,993.2799988
SMC01705,8,33.60305489,-117.5097303,5/14/2009,0.820711938,0.78375472,0.857669155,6.995704537,22.427568,258.730011,33388.69922,2476.800049,1003.7333,0.2842,1.571,0.1337,1113.269989
SMC01883,8,34.7162595,-119.0188461,6/21/2010,0.985856656,0.974860766,0.996852546,9.028416525,168.135992,1394.02002,47723.69922,1787.900024,599.9228,0.237,1.4999,0.1399,1295.97998
SMC03643,10,34.56208805,-119.1288699,6/24/2010,1.096844145,1.136859668,1.056828621,9.462272124,296.690144,880.2700195,68601.89844,1958.099976,467.6122,0.2557,1.5363,0.1267,1394.72998
SMC04383,10,34.50221069,-119.3558715,6/9/2010,1.072155545,0.994773794,1.149537297,11.30889796,124.402963,428.3900147,69390.29688,2270.5,416.8804,0.2726,1.5401,0.1319,1407.609985
SMC05243,8,34.59248244,-119.2512309,6/10/2010,0.690501412,0.575148725,0.805854098,7.445516524,0.792899993,1187.329956,62408,1929.599976,400.7667,0.280633333,1.542733333,0.121766667,379
SMC06467,10,33.79117928,-117.7176845,6/28/2010,0.954521966,0.781713763,1.12733017,8.870515728,26.897338,218.2899933,34071.10156,2535.5,500.6255,0.2954,1.5146,0.1191,710.7100067
SMCR8_057,2,34.25073228,-117.5485094,5/18/2008,1.00878903,0.942845907,1.074732154,9.304643919,18.249994,1295.930054,90057.29688,1965.900024,1301.5259,0.1163,1.549,0.1579,1433.069946
SMCR8_068,6,34.27166708,-117.6471041,6/10/2008,0.846594419,0.87646008,0.816728758,7.346380225,1.725256,2223.540039,76976,1610,1315.3334,0.125,1.4907,0.1677,842.4599609
SMCR8_074,11,34.08807939,-116.8839219,6/25/2008,0.732436894,0.790347904,0.674525885,5.930091174,4.524056,2193.090088,62987.30078,1632.900024,3600.1333,0.094,1.536,0.1665,1015.909912
SMCR8_080,6,34.15055585,-116.8842658,6/24/2008,1.066251778,1.002584956,1.1299186,7.080156043,3.7638,2256.159912,54437.19922,1730.599976,5110.958,0.094,1.5359,0.1224,994.8400879
SMCR8_118,8,34.28336603,-117.4820757,6/11/2008,0.631837646,0.471989372,0.791685919,7.57876306,32.823843,927.789978,62274.19922,2180.100098,1164.0875,0.1242,1.5517,0.163,1612.210022
VENTURA13,8,34.50144493,-119.3480016,9/11/2006,0.830223653,0.843506138,0.816941167,12.24078355,126.332285,410.9100037,66745.79688,2303.899902,416.8108,0.272,1.5399,0.1318,1425.089996
VENTURA14,10,34.50465551,-119.3741874,9/11/2006,0.925247071,0.953494145,0.896999997,12.26309926,116.319557,468.6499939,69390.29688,2270.5,422.0539,0.272,1.5399,0.1319,1367.350006
